id,first_name,second_name,web_name,team_name,pos,now_cost,selected_by_percent,status,chance_of_playing_next_round,total_points,minutes,goals_scored,assists,clean_sheets,creativity,influence,threat,ict_index
1,David,Raya Martín,Raya,Arsenal,GKP,55,17.8,a,,142,3420,0,0,13,10.7,755.4,0.0,76.7
2,Kepa,Arrizabalaga Revuelta,Arrizabalaga,Arsenal,GKP,45,1.0,a,,106,2790,0,0,8,10.4,744.4,4.0,75.8
3,Karl,Hein,Hein,Arsenal,GKP,40,0.6,a,,0,0,0,0,0,0.0,0.0,0.0,0.0
4,Tommy,Setford,Setford,Arsenal,GKP,40,0.2,a,,0,0,0,0,0,0.0,0.0,0.0,0.0
5,Gabriel,dos Santos Magalhães,Gabriel,Arsenal,DEF,60,21.6,a,,117,2363,3,2,10,208.8,584.6,287.0,108.2
6,William,Saliba,Saliba,Arsenal,DEF,60,14.0,a,,130,3039,2,0,12,150.1,672.6,116.0,94.2
7,Riccardo,Calafiori,Calafiori,Arsenal,DEF,55,0.6,a,,39,978,2,1,1,118.2,252.6,176.0,54.6
8,Jurriën,Timber,J.Timber,Arsenal,DEF,55,2.2,a,,114,2415,1,3,11,296.8,393.0,254.0,94.2
9,Jakub,Kiwior,Kiwior,Arsenal,DEF,55,0.1,a,,43,1117,1,0,3,91.3,267.2,32.0,39.2
10,Myles,Lewis-Skelly,Lewis-Skelly,Arsenal,DEF,55,5.4,a,,37,1362,1,0,5,170.7,176.0,57.0,40.0
11,Benjamin,White,White,Arsenal,DEF,55,0.9,a,,50,1195,0,2,5,162.6,247.6,100.0,51.0
12,Oleksandr,Zinchenko,Zinchenko,Arsenal,DEF,50,0.3,a,,40,518,0,1,4,92.8,83.4,66.0,24.1
13,Brayden,Clarke,Clarke,Arsenal,DEF,40,0.6,a,,0,0,0,0,0,0.0,0.0,0.0,0.0
14,Maldini,Kacurri,Kacurri,Arsenal,DEF,40,0.2,a,,0,0,0,0,0,0.0,0.0,0.0,0.0
15,Josh,Nichols,Nichols,Arsenal,DEF,40,0.2,a,,0,0,0,0,0,0.0,0.0,0.0,0.0
16,Bukayo,Saka,Saka,Arsenal,MID,100,15.1,a,,127,1724,6,11,7,842.8,606.0,830.0,227.9
17,Martin,Ødegaard,Ødegaard,Arsenal,MID,80,3.3,a,,116,2321,3,9,11,968.7,524.6,493.0,198.8
18,Noni,Madueke,Madueke,Arsenal,MID,70,1.6,a,,120,2028,7,5,6,475.1,479.2,998.0,195.3
19,Gabriel,Martinelli Silva,Martinelli,Arsenal,MID,70,1.4,a,,125,2284,8,4,10,587.8,559.8,912.0,206.1
20,Leandro,Trossard,Trossard,Arsenal,MID,70,1.5,a,,152,2546,8,8,11,617.6,609.0,798.0,202.1
21,Declan,Rice,Rice,Arsenal,MID,65,7.5,a,,127,2823,4,7,11,959.6,733.0,399.0,208.8
22,Mikel,Merino Zazón,Merino,Arsenal,MID,60,0.9,a,,92,1575,7,2,4,265.8,456.8,511.0,123.3
23,Fábio,Ferreira Vieira,Fábio Vieira,Arsenal,MID,55,0.1,a,,0,0,0,0,0,0.0,0.0,0.0,0.0
24,Christian,Nørgaard,Nørgaard,Arsenal,MID,55,0.8,a,,107,2820,5,5,6,333.0,735.4,409.0,147.9
25,Ethan,Nwaneri,Nwaneri,Arsenal,MID,55,0.4,a,,66,882,4,2,4,282.8,293.2,255.0,83.0
26,Martín,Zubimendi Ibáñez,Zubimendi,Arsenal,MID,55,1.6,a,,0,0,0,0,0,0.0,0.0,0.0,0.0
27,Reiss,Nelson,Nelson,Arsenal,MID,50,0.2,a,,27,483,1,1,1,223.9,131.6,195.0,55.1
28,Ismeal,Kabia,Kabia,Arsenal,MID,45,0.3,a,,0,0,0,0,0,0.0,0.0,0.0,0.0
29,Albert,Sambi Lokonga,Sambi,Arsenal,MID,45,0.2,a,,0,0,0,0,0,0.0,0.0,0.0,0.0
30,Kai,Havertz,Havertz,Arsenal,FWD,75,1.3,a,,97,1872,9,3,7,269.0,467.6,711.0,144.8
31,Gabriel,Fernando de Jesus,G.Jesus,Arsenal,FWD,65,0.0,i,0.0,42,600,3,2,2,119.5,154.4,255.0,52.6
662,Cristhian,Mosquera,Mosquera,Arsenal,DEF,55,0.1,a,,0,0,0,0,0,0.0,0.0,0.0,0.0
666,Viktor,Gyökeres,Gyökeres,Arsenal,FWD,90,22.9,a,,0,0,0,0,0,0.0,0.0,0.0,0.0
32,Emiliano,Martínez Romero,Martinez,Aston Villa,GKP,50,0.5,s,0.0,111,3195,0,0,8,20.0,839.6,0.0,86.0
33,Marco,Bizot,M.Bizot,Aston Villa,GKP,45,0.3,a,,0,0,0,0,0,0.0,0.0,0.0,0.0
34,Joe,Gauci,Gauci,Aston Villa,GKP,40,1.0,a,,0,0,0,0,0,0.0,0.0,0.0,0.0
35,Filip,Marschall,Marschall,Aston Villa,GKP,40,0.1,u,0.0,0,0,0,0,0,0.0,0.0,0.0,0.0
36,Matty,Cash,Cash,Aston Villa,DEF,45,1.7,a,,76,2069,1,1,7,181.0,359.2,171.0,71.3
37,Lucas,Digne,Digne,Aston Villa,DEF,45,1.8,a,,89,2348,0,5,6,583.9,512.6,112.0,120.7
38,Ezri,Konsa Ngoyo,Konsa,Aston Villa,DEF,45,23.5,a,,103,2936,2,0,8,123.9,532.8,166.0,82.4
39,Ian,Maatsen,Maatsen,Aston Villa,DEF,45,0.9,a,,57,1125,1,2,3,293.4,252.0,197.0,74.3
40,Tyrone,Mings,Mings,Aston Villa,DEF,45,0.5,a,,47,1119,0,1,4,49.2,220.4,74.0,34.6
41,Pau,Torres,Pau,Aston Villa,DEF,45,0.5,a,,55,2019,0,0,5,84.5,350.6,102.0,54.0
42,Andrés,García,A.García,Aston Villa,DEF,40,1.0,a,,8,316,0,0,0,68.4,45.6,7.0,12.0
43,Álex,Moreno Lopera,Alex Moreno,Aston Villa,DEF,40,11.3,a,,34,952,0,1,3,134.5,200.8,29.0,36.4
44,Lamare,Bogarde,Bogarde,Aston Villa,DEF,40,0.4,a,,6,473,0,0,0,33.3,84.8,15.0,13.3
45,Lino,da Cruz Sousa,Sousa,Aston Villa,DEF,40,0.3,a,,0,0,0,0,0,0.0,0.0,0.0,0.0
46,Yasin,Özcan,Yasin,Aston Villa,DEF,40,0.3,a,,0,0,0,0,0,0.0,0.0,0.0,0.0
47,Morgan,Rogers,Rogers,Aston Villa,MID,70,23.2,a,,161,3115,8,11,10,722.7,731.6,689.0,214.3
48,Youri,Tielemans,Tielemans,Aston Villa,MID,60,1.8,a,,121,3025,3,7,7,963.1,799.6,333.0,209.6
49,Leon,Bailey,Bailey,Aston Villa,MID,55,0.5,a,,47,1132,1,2,2,235.8,146.4,325.0,70.3
50,Emiliano,Buendía Stati,Buendía,Aston Villa,MID,55,0.1,a,,11,89,0,0,0,23.2,16.4,16.0,5.2
51,Samuel,Iling-Junior,Iling Jr,Aston Villa,MID,55,0.0,a,,0,0,0,0,0,0.0,0.0,0.0,0.0
52,Jacob,Ramsey,J.Ramsey,Aston Villa,MID,55,0.6,a,,66,1616,1,4,5,307.9,235.4,245.0,78.7
53,Donyell,Malen,Malen,Aston Villa,MID,55,3.1,a,,34,296,3,0,0,42.7,138.2,208.0,38.5
54,John,McGinn,McGinn,Aston Villa,MID,55,0.6,a,,78,2217,1,4,8,500.6,277.2,263.0,103.7
55,Ross,Barkley,Barkley,Aston Villa,MID,50,0.3,a,,44,567,3,1,1,128.1,215.4,206.0,54.8
56,Enzo,Barrenechea,Barrenechea,Aston Villa,MID,50,0.0,u,0.0,0,0,0,0,0,0.0,0.0,0.0,0.0
57,Lewis,Dobbin,Dobbin,Aston Villa,MID,50,0.1,a,,0,0,0,0,0,0.0,0.0,0.0,0.0
58,Boubacar,Kamara,Kamara,Aston Villa,MID,50,0.2,a,,57,1720,1,0,6,191.0,326.6,83.0,60.2
59,Amadou,Onana,Onana,Aston Villa,MID,50,1.7,a,,65,1613,3,0,6,194.8,358.0,215.0,77.0
60,Ben,Broggio,Broggio,Aston Villa,MID,45,0.3,a,,0,0,0,0,0,0.0,0.0,0.0,0.0
61,Leander,Dendoncker,Dendoncker,Aston Villa,MID,45,0.4,a,,0,0,0,0,0,0.0,0.0,0.0,0.0
62,Jamaldeen,Jimoh-Aloba,Jimoh-Aloba,Aston Villa,MID,45,0.1,a,,0,0,0,0,0,0.0,0.0,0.0,0.0
63,Kadan,Young,Young,Aston Villa,MID,45,0.6,a,,0,0,0,0,0,0.0,0.0,0.0,0.0
64,Ollie,Watkins,Watkins,Aston Villa,FWD,90,17.2,a,,186,2593,16,8,10,345.2,766.0,1148.0,223.8
65,Zépiqueno,Redmond,Redmond,Aston Villa,FWD,45,0.9,a,,0,0,0,0,0,0.0,0.0,0.0,0.0
677,Evann,Guessand,Guessand,Aston Villa,MID,65,0.0,a,,0,0,0,0,0,0.0,0.0,0.0,0.0
183,Max,Weiß,Weiss,Burnley,GKP,45,0.2,a,,0,0,0,0,0,0.0,0.0,0.0,0.0
184,Etienne,Green,Green,Burnley,GKP,40,0.4,a,,0,0,0,0,0,0.0,0.0,0.0,0.0
185,Václav,Hladký,Hladký,Burnley,GKP,40,0.4,a,,0,0,0,0,0,0.0,0.0,0.0,0.0
186,Connor,Roberts,Roberts,Burnley,DEF,45,0.1,a,,0,0,0,0,0,0.0,0.0,0.0,0.0
187,Kyle,Walker,Walker,Burnley,DEF,45,2.2,a,,13,966,0,0,0,147.7,157.4,29.0,33.5
188,Hannes,Delcroix,Delcroix,Burnley,DEF,40,0.4,a,,0,0,0,0,0,0.0,0.0,0.0,0.0
189,Owen,Dodgson,Dodgson,Burnley,DEF,40,0.2,a,,0,0,0,0,0,0.0,0.0,0.0,0.0
190,Hjalmar,Ekdal,Ekdal,Burnley,DEF,40,0.3,a,,0,0,0,0,0,0.0,0.0,0.0,0.0
191,Maxime,Estève,Estève,Burnley,DEF,40,13.3,a,,0,0,0,0,0,0.0,0.0,0.0,0.0
192,Quilindschy,Hartman,Hartman,Burnley,DEF,40,0.4,a,,0,0,0,0,0,0.0,0.0,0.0,0.0
193,Bashir,Humphreys,Humphreys,Burnley,DEF,40,0.3,a,,0,0,0,0,0,0.0,0.0,0.0,0.0
194,Jordan,Beyer,Jordan,Burnley,DEF,40,0.2,a,,0,0,0,0,0,0.0,0.0,0.0,0.0
195,Lucas,Pires Silva,Lucas Pires,Burnley,DEF,40,0.3,a,,0,0,0,0,0,0.0,0.0,0.0,0.0
196,Shurandy,Sambo,Sambo,Burnley,DEF,40,0.2,a,,0,0,0,0,0,0.0,0.0,0.0,0.0
197,Oliver,Sonne,Sonne,Burnley,DEF,40,0.2,a,,0,0,0,0,0,0.0,0.0,0.0,0.0
198,Axel,Tuanzebe,Tuanzebe,Burnley,DEF,40,3.4,a,,27,1710,0,1,1,93.4,284.4,25.0,40.1
199,Joe,Worrall,Worrall,Burnley,DEF,40,0.2,a,,0,0,0,0,0,0.0,0.0,0.0,0.0
200,Jaidon,Anthony,Anthony,Burnley,MID,55,0.1,a,,0,0,0,0,0,0.0,0.0,0.0,0.0
201,Manuel,Benson Hedilazio,Benson,Burnley,MID,55,0.0,a,,0,0,0,0,0,0.0,0.0,0.0,0.0
202,Jacob,Bruun Larsen,Bruun Larsen,Burnley,MID,55,0.1,a,,0,0,0,0,0,0.0,0.0,0.0,0.0
203,Enock,Agyei,Boateng,Burnley,MID,50,0.1,a,,0,0,0,0,0,0.0,0.0,0.0,0.0
204,Darko,Churlinov,Churlinov,Burnley,MID,50,0.1,a,,0,0,0,0,0,0.0,0.0,0.0,0.0
205,Josh,Cullen,Cullen,Burnley,MID,50,0.1,a,,0,0,0,0,0,0.0,0.0,0.0,0.0
206,Marcus,Edwards,Edwards,Burnley,MID,50,0.2,a,,0,0,0,0,0,0.0,0.0,0.0,0.0
207,Hannibal,Mejbri,Hannibal,Burnley,MID,50,0.2,a,,0,0,0,0,0,0.0,0.0,0.0,0.0
208,Luca,Koleosho,Koleosho,Burnley,MID,50,0.1,a,,0,0,0,0,0,0.0,0.0,0.0,0.0
209,Josh,Laurent,Laurent,Burnley,MID,50,0.1,a,,0,0,0,0,0,0.0,0.0,0.0,0.0
210,Loum,Tchaouna,Tchaouna,Burnley,MID,50,0.1,a,,0,0,0,0,0,0.0,0.0,0.0,0.0
211,Aaron,Ramsey,A.Ramsey,Burnley,MID,45,12.5,a,,0,0,0,0,0,0.0,0.0,0.0,0.0
212,Oluwaseun,Adewumi,Adewumi,Burnley,MID,45,0.1,a,,0,0,0,0,0,0.0,0.0,0.0,0.0
213,Jaydon,Banel,Banel,Burnley,MID,45,0.0,a,,0,0,0,0,0,0.0,0.0,0.0,0.0
214,Mike,Trésor Ndayishimiye,Trésor,Burnley,MID,45,0.1,a,,0,0,0,0,0,0.0,0.0,0.0,0.0
215,Zian,Flemming,Flemming,Burnley,FWD,55,0.2,a,,0,0,0,0,0,0.0,0.0,0.0,0.0
216,Zeki,Amdouni,Amdouni,Burnley,FWD,50,0.4,a,,0,0,0,0,0,0.0,0.0,0.0,0.0
217,Lyle,Foster,Foster,Burnley,FWD,50,0.4,a,,0,0,0,0,0,0.0,0.0,0.0,0.0
218,Ashley,Barnes,Barnes,Burnley,FWD,45,4.4,a,,0,0,0,0,0,0.0,0.0,0.0,0.0
219,Michael,Obafemi,Obafemi,Burnley,FWD,45,0.7,a,,0,0,0,0,0,0.0,0.0,0.0,0.0
470,Martin,Dúbravka,Dúbravka,Burnley,GKP,40,21.0,a,,44,900,0,0,5,0.0,220.2,0.0,22.0
676,Lesley,Ugochukwu,Ugochukwu,Burnley,MID,50,0.0,a,,0,0,0,0,0,0.0,0.0,0.0,0.0
66,Norberto,Murara Neto,Neto,Bournemouth,GKP,45,1.1,a,,7,180,0,0,0,0.0,77.8,0.0,7.8
67,Đorđe,Petrović,Petrović,Bournemouth,GKP,45,4.0,a,,0,0,0,0,0,0.0,0.0,0.0,0.0
68,Will,Dennis,Dennis,Bournemouth,GKP,40,0.7,a,,0,0,0,0,0,0.0,0.0,0.0,0.0
69,Callan,McKenna,McKenna,Bournemouth,GKP,40,0.2,a,,0,0,0,0,0,0.0,0.0,0.0,0.0
70,Alex,Paulsen,Paulsen,Bournemouth,GKP,40,0.2,a,,0,0,0,0,0,0.0,0.0,0.0,0.0
71,Illia,Zabarnyi,Zabarnyi,Bournemouth,DEF,50,0.5,a,,94,3109,0,1,8,177.0,651.4,88.0,92.0
72,Marcos,Senesi Barón,Senesi,Bournemouth,DEF,45,0.7,a,,31,1103,0,0,2,84.2,271.6,39.0,39.6
73,Adam,Smith,Smith,Bournemouth,DEF,45,0.2,a,,57,1586,0,0,6,147.2,181.8,24.0,35.0
74,Adrien,Truffert,Truffert,Bournemouth,DEF,45,1.2,a,,0,0,0,0,0,0.0,0.0,0.0,0.0
75,Matai,Akinmboni,Akinmboni,Bournemouth,DEF,40,0.4,a,,0,0,0,0,0,0.0,0.0,0.0,0.0
76,Owen,Bevan,Bevan,Bournemouth,DEF,40,0.3,a,,0,0,0,0,0,0.0,0.0,0.0,0.0
77,James,Hill,Hill,Bournemouth,DEF,40,0.7,a,,17,443,0,1,1,38.4,97.0,29.0,16.6
78,Julián,Araujo Zúñiga,J.Araujo,Bournemouth,DEF,40,1.3,a,,12,492,0,0,0,30.6,56.8,4.0,9.2
79,Chris,Mepham,Mepham,Bournemouth,DEF,40,0.3,a,,0,0,0,0,0,0.0,0.0,0.0,0.0
80,Julio,Soler Barreto,Soler,Bournemouth,DEF,40,0.3,a,,3,9,0,0,0,1.8,2.2,0.0,0.4
81,Justin,Kluivert,Kluivert,Bournemouth,MID,70,4.8,a,,158,2339,12,6,13,654.1,700.0,771.0,212.0
82,Antoine,Semenyo,Semenyo,Bournemouth,MID,70,5.1,a,,165,3202,11,7,11,688.9,792.2,1204.0,267.8
83,Dango,Ouattara,O.Dango,Bournemouth,MID,60,0.2,a,,111,1998,7,4,7,496.8,624.6,754.0,187.2
84,Marcus,Tavernier,Tavernier,Bournemouth,MID,55,0.4,a,,87,1932,3,7,4,664.8,447.0,442.0,155.4
85,Tyler,Adams,Adams,Bournemouth,MID,50,0.2,a,,58,1959,0,3,6,261.2,411.8,83.0,75.9
86,David,Brooks,Brooks,Bournemouth,MID,50,0.1,a,,52,941,2,1,3,316.7,193.6,300.0,80.4
87,Ryan,Christie,Christie,Bournemouth,MID,50,0.5,a,,76,2114,2,3,8,576.8,514.0,303.0,139.6
88,Lewis,Cook,Cook,Bournemouth,MID,50,0.0,s,0.0,82,2976,1,4,5,727.1,607.0,114.0,144.9
89,Philip,Billing,Philip,Bournemouth,MID,50,0.1,a,,10,176,0,0,0,102.4,54.0,47.0,20.4
90,Alex,Scott,Scott,Bournemouth,MID,50,0.1,a,,26,745,0,0,3,171.6,141.6,118.0,43.2
91,Luis,Sinisterra Lucumí,Sinisterra,Bournemouth,MID,50,0.2,a,,23,229,1,1,0,115.3,112.0,195.0,42.3
92,Romain,Faivre,Faivre,Bournemouth,MID,45,0.2,a,,0,0,0,0,0,0.0,0.0,0.0,0.0
93,Hamed,Traorè,H.Traorè,Bournemouth,MID,45,0.3,a,,0,0,0,0,0,0.0,0.0,0.0,0.0
94,Dominic,Sadi,Sadi,Bournemouth,MID,45,0.1,a,,0,0,0,0,0,0.0,0.0,0.0,0.0
95,Zain,Silcott-Duberry,Silcott-Duberry,Bournemouth,MID,45,0.2,a,,1,1,0,0,0,1.0,2.0,0.0,0.3
96,Ben,Winterburn,Winterburn,Bournemouth,MID,45,0.1,a,,4,22,0,0,0,0.2,2.4,2.0,0.4
97,Francisco Evanilson,de Lima Barbosa,Evanilson,Bournemouth,FWD,70,2.6,a,,128,2317,10,5,11,331.9,456.0,966.0,174.8
98,Enes,Ünal,Enes Ünal,Bournemouth,FWD,55,0.0,i,0.0,32,330,2,1,2,56.1,104.0,207.0,35.9
99,Daniel,Adu-Adjei,Adu-Adjei,Bournemouth,FWD,45,0.4,a,,0,0,0,0,0,0.0,0.0,0.0,0.0
100,Eli Junior,Kroupi,Kroupi.Jr,Bournemouth,FWD,45,1.2,a,,0,0,0,0,0,0.0,0.0,0.0,0.0
101,Caoimhín,Kelleher,Kelleher,Brentford,GKP,45,30.9,a,,45,900,0,0,4,0.0,224.2,0.0,22.4
102,Ellery,Balcombe,Balcombe,Brentford,GKP,40,0.3,a,,0,0,0,0,0,0.0,0.0,0.0,0.0
103,Matthew,Cox,Cox,Brentford,GKP,40,0.2,a,,0,0,0,0,0,0.0,0.0,0.0,0.0
104,Julian,Eyestone,Eyestone,Brentford,GKP,40,0.1,a,,0,0,0,0,0,0.0,0.0,0.0,0.0
105,Hákon Rafn,Valdimarsson,Valdimarsson,Brentford,GKP,40,1.6,a,,2,144,0,0,0,0.1,21.4,0.0,2.1
106,Nathan,Collins,Collins,Brentford,DEF,50,1.7,a,,127,3420,2,7,8,160.5,1023.2,311.0,149.6
107,Keane,Lewis-Potter,Lewis-Potter,Brentford,DEF,50,0.5,a,,94,3092,1,5,8,462.2,542.0,391.0,139.9
108,Kristoffer,Ajer,Ajer,Brentford,DEF,45,0.2,a,,39,1433,0,0,3,128.1,199.0,158.0,48.5
109,Rico,Henry,Henry,Brentford,DEF,45,0.2,a,,4,94,0,0,0,2.1,13.6,2.0,1.7
110,Michael,Kayode,Kayode,Brentford,DEF,45,0.3,a,,27,523,0,1,2,105.2,105.2,30.0,24.2
111,Ethan,Pinnock,Pinnock,Brentford,DEF,45,0.3,a,,47,1912,2,0,2,101.2,540.2,193.0,83.6
112,Mads,Roerslev Rasmussen,Roerslev,Brentford,DEF,45,0.1,a,,36,1100,0,2,2,185.8,214.4,78.0,48.0
113,Sepp,van den Berg,Van den Berg,Brentford,DEF,45,0.4,a,,62,2584,0,1,5,108.3,587.4,226.0,92.3
114,Benjamin,Arthur,Arthur,Brentford,DEF,40,0.4,a,,0,0,0,0,0,0.0,0.0,0.0,0.0
115,Benjamin,Fredrick,Fredrick,Brentford,DEF,40,0.2,a,,0,0,0,0,0,0.0,0.0,0.0,0.0
116,Aaron,Hickey,Hickey,Brentford,DEF,40,0.7,a,,0,0,0,0,0,0.0,0.0,0.0,0.0
117,Kim,Ji-soo,Ji-soo,Brentford,DEF,40,0.2,a,,3,28,0,0,0,0.8,5.0,0.0,0.6
118,Jayden,Meghoma,Meghoma,Brentford,DEF,40,0.2,a,,1,4,0,0,0,0.3,0.2,0.0,0.1
120,Kevin,Schade,Schade,Brentford,MID,70,1.9,a,,149,2281,11,4,10,312.7,630.8,892.0,183.3
121,Mikkel,Damsgaard,Damsgaard,Brentford,MID,60,1.2,a,,131,2911,2,10,11,1006.4,714.8,338.0,205.9
122,Antoni,Milambo,Milambo,Brentford,MID,55,0.1,a,,0,0,0,0,0,0.0,0.0,0.0,0.0
123,Fábio,Freitas Gouveia Carvalho,Carvalho,Brentford,MID,50,0.3,a,,35,443,2,1,0,71.5,142.2,154.0,36.3
124,Jordan,Henderson,Henderson,Brentford,MID,50,0.4,a,,0,0,0,0,0,0.0,0.0,0.0,0.0
125,Vitaly,Janelt,Janelt,Brentford,MID,50,0.2,a,,73,2251,1,3,6,284.2,356.6,131.0,77.2
126,Mathias,Jensen,Jensen,Brentford,MID,50,0.1,a,,38,846,0,2,2,249.5,157.0,32.0,43.8
127,Gustavo,Nunes Fernandes Gomes,Nunes,Brentford,MID,50,0.1,a,,3,11,0,0,0,0.3,10.0,2.0,1.2
128,Frank,Onyeka,Onyeka,Brentford,MID,50,0.1,a,,2,23,0,0,0,0.5,0.0,0.0,0.0
129,Yehor,Yarmoliuk,Yarmoliuk,Brentford,MID,50,0.1,a,,43,1435,0,0,3,196.1,259.6,89.0,54.4
130,Romelle,Donovan,Donovan,Brentford,MID,45,0.1,a,,0,0,0,0,0,0.0,0.0,0.0,0.0
131,Yunus Emre,Konak,Konak,Brentford,MID,45,0.2,a,,10,53,0,0,0,4.5,8.0,3.0,1.2
132,Paris,Maghoma,Maghoma,Brentford,MID,45,0.1,a,,8,112,0,0,0,15.8,27.8,10.0,5.4
133,Myles,Peart-Harris,Peart-Harris,Brentford,MID,45,0.0,a,,0,0,0,0,0,0.0,0.0,0.0,0.0
134,Ryan,Trevitt,Trevitt,Brentford,MID,45,0.1,a,,1,3,0,0,0,0.1,2.6,0.0,0.3
135,Yoane,Wissa,Wissa,Brentford,FWD,75,6.9,a,,185,2921,18,6,9,400.0,849.4,1181.0,242.4
136,Igor Thiago,Nascimento Rodrigues,Thiago,Brentford,FWD,60,1.2,a,,9,167,0,0,0,30.6,18.2,12.0,5.8
137,Iwan,Morgan,Morgan,Brentford,FWD,45,0.5,a,,0,0,0,0,0,0.0,0.0,0.0,0.0
138,Jason,Steele,Steele,Brighton,GKP,45,0.4,a,,9,180,0,0,1,0.0,40.4,0.0,4.1
139,Bart,Verbruggen,Verbruggen,Brighton,GKP,45,6.7,a,,103,3240,0,1,7,10.0,849.8,0.0,85.8
140,Tom,McGill,McGill,Brighton,GKP,40,0.3,a,,0,0,0,0,0,0.0,0.0,0.0,0.0
141,Carl,Rushworth,Rushworth,Brighton,GKP,40,0.0,u,0.0,0,0,0,0,0,0.0,0.0,0.0,0.0
142,Kjell,Scherpen,Scherpen,Brighton,GKP,40,0.0,u,0.0,0,0,0,0,0,0.0,0.0,0.0,0.0
143,Olivier,Boscagli,Boscagli,Brighton,DEF,45,0.2,a,,0,0,0,0,0,0.0,0.0,0.0,0.0
144,Diego,Coppola,Coppola,Brighton,DEF,45,0.1,a,,0,0,0,0,0,0.0,0.0,0.0,0.0
145,Maxim,De Cuyper,De Cuyper,Brighton,DEF,45,7.4,a,,0,0,0,0,0,0.0,0.0,0.0,0.0
146,Lewis,Dunk,Dunk,Brighton,DEF,45,1.1,a,,44,2081,0,1,4,115.7,425.4,128.0,66.9
147,Pervis,Estupiñán Tenorio,Estupiñan,Brighton,DEF,45,0.2,u,0.0,63,2399,1,1,3,530.1,504.4,173.0,120.8
148,Ferdi,Kadıoğlu,F.Kadıoğlu,Brighton,DEF,45,0.3,a,,19,385,1,0,2,83.7,116.4,40.0,24.0
149,Igor Julio,dos Santos de Paulo,Igor,Brighton,DEF,45,0.1,a,,18,959,0,0,1,54.7,189.6,4.0,24.9
150,Tariq,Lamptey,Lamptey,Brighton,DEF,45,0.4,a,,42,856,2,2,2,101.0,213.6,52.0,36.8
151,Jan Paul,van Hecke,Van Hecke,Brighton,DEF,45,1.2,a,,87,2960,1,1,7,261.8,736.6,182.0,118.3
152,Joël,Veltman,Veltman,Brighton,DEF,45,0.3,a,,59,1694,0,0,6,147.2,273.0,59.0,48.1
153,Adam,Webster,Webster,Brighton,DEF,45,0.1,i,0.0,39,885,0,1,4,49.7,198.4,55.0,30.2
154,Eiran,Cashin,Cashin,Brighton,DEF,40,0.1,u,0.0,1,19,0,0,0,0.6,7.0,0.0,0.7
155,Jacob,Slater,Slater,Brighton,DEF,40,0.2,a,,0,0,0,0,0,0.0,0.0,0.0,0.0
156,Charlie,Tasker,Tasker,Brighton,DEF,40,0.2,a,,0,0,0,0,0,0.0,0.0,0.0,0.0
157,Mitoma,Kaoru,Mitoma,Brighton,MID,65,6.1,a,,145,2597,10,5,6,578.0,670.6,856.0,210.7
158,Georginio,Rutter,Georginio,Brighton,MID,60,0.4,a,,95,1651,5,6,6,281.8,355.4,404.0,103.0
159,Solly,March,March,Brighton,MID,60,0.1,a,,7,161,0,0,0,59.6,24.0,18.0,10.1
160,Yankuba,Minteh,Minteh,Brighton,MID,60,1.3,a,,102,1831,6,5,4,448.9,523.8,615.0,159.1
161,Julio,Enciso Espínola,Enciso,Brighton,MID,55,0.2,a,,59,1155,2,3,2,268.9,250.8,362.0,87.7
162,Brajan,Gruda,Gruda,Brighton,MID,55,0.1,a,,45,676,1,4,1,311.6,196.6,187.0,69.1
163,Jack,Hinshelwood,Hinshelwood,Brighton,MID,55,0.2,a,,89,1839,5,3,6,268.1,394.6,304.0,97.0
164,Matt,O'Riley,O'Riley,Brighton,MID,55,0.2,a,,50,929,2,3,2,322.5,211.4,219.0,75.3
165,Abdallah,Sima,Sima,Brighton,MID,55,0.0,a,,0,0,0,0,0,0.0,0.0,0.0,0.0
166,Yasin,Ayari,Ayari,Brighton,MID,50,0.3,a,,74,1958,2,1,7,507.5,363.2,247.0,111.7
167,Carlos,Baleba,Baleba,Brighton,MID,50,5.0,a,,87,2660,3,1,8,343.7,515.4,193.0,105.2
168,Facundo,Buonanotte,Buonanotte,Brighton,MID,50,0.3,a,,75,1508,5,2,2,415.8,415.8,318.0,114.7
169,Diego,Gómez Amarilla,Gomez,Brighton,MID,50,0.1,a,,30,507,1,1,0,143.2,124.2,69.0,33.6
170,James,Milner,Milner,Brighton,MID,50,0.1,a,,6,170,0,0,1,66.3,28.6,12.0,10.7
171,Jeremy,Sarmiento Morante,Sarmiento,Brighton,MID,50,0.1,a,,1,8,0,0,0,0.8,0.2,0.0,0.1
172,Tom,Watson,Watson,Brighton,MID,50,0.1,a,,0,0,0,0,0,0.0,0.0,0.0,0.0
173,Mats,Wieffer,Wieffer,Brighton,MID,50,0.1,a,,52,1003,1,5,2,230.4,328.8,129.0,68.5
174,Malick,Yalcouyé,Yalcouye,Brighton,MID,50,0.1,a,,0,0,0,0,0,0.0,0.0,0.0,0.0
175,Joe,Knight,Knight,Brighton,MID,45,0.1,a,,0,0,0,0,0,0.0,0.0,0.0,0.0
176,Adrian,Mazilu,Mazilu,Brighton,MID,45,0.1,a,,0,0,0,0,0,0.0,0.0,0.0,0.0
177,Andrew,Moran,Moran,Brighton,MID,45,0.1,a,,0,0,0,0,0,0.0,0.0,0.0,0.0
178,Danny,Welbeck,Welbeck,Brighton,FWD,65,7.6,a,,125,2109,10,5,7,331.3,550.2,676.0,155.8
179,Evan,Ferguson,Ferguson,Brighton,FWD,55,0.1,u,0.0,28,385,1,0,1,68.5,80.0,104.0,25.0
180,Stefanos,Tzimas,Tzimas,Brighton,FWD,55,0.1,a,,0,0,0,0,0,0.0,0.0,0.0,0.0
181,Charalampos,Kostoulas,Kostoulas,Brighton,FWD,50,0.6,a,,0,0,0,0,0,0.0,0.0,0.0,0.0
220,Robert,Lynch Sánchez,Sánchez,Chelsea,GKP,50,15.9,a,,126,2880,0,0,10,20.0,755.6,0.0,77.5
221,Filip,Jörgensen,Jörgensen,Chelsea,GKP,45,0.2,a,,18,540,0,0,1,0.0,157.6,0.0,15.9
222,Mike,Penders,Penders,Chelsea,GKP,40,0.0,u,0.0,0,0,0,0,0,0.0,0.0,0.0,0.0
223,Gabriel,Słonina,Slonina,Chelsea,GKP,40,0.1,a,,0,0,0,0,0,0.0,0.0,0.0,0.0
224,Marc,Cucurella Saseta,Cucurella,Chelsea,DEF,60,18.9,a,,133,2988,5,2,9,350.6,668.6,358.0,137.9
225,Reece,James,James,Chelsea,DEF,55,4.5,a,,54,1057,1,2,3,202.1,207.6,56.0,46.7
226,Trevoh,Chalobah,Chalobah,Chelsea,DEF,50,0.8,a,,93,1969,3,1,6,124.2,496.4,222.0,84.6
227,Levi,Samuels Colwill,Colwill,Chelsea,DEF,50,3.6,i,0.0,109,3150,2,1,10,214.3,692.0,185.0,109.4
228,Malo,Gusto,Gusto,Chelsea,DEF,50,2.1,a,,60,1853,0,1,4,394.6,336.8,147.0,87.9
229,Benoît,Badiashile Mukinayi,B.Badiashile,Chelsea,DEF,45,0.1,a,,7,332,0,0,0,12.6,66.0,0.0,7.9
230,Wesley,Fofana,Fofana,Chelsea,DEF,45,0.3,a,,26,1172,0,0,2,85.0,200.2,33.0,31.9
231,Mamadou,Sarr,M.Sarr,Chelsea,DEF,45,0.1,a,,0,0,0,0,0,0.0,0.0,0.0,0.0
232,Tosin,Adarabioyo,Tosin,Chelsea,DEF,45,0.4,a,,71,1403,1,1,7,48.2,352.2,92.0,49.6
233,Josh,Acheampong,Acheampong,Chelsea,DEF,40,0.3,a,,4,168,0,0,0,2.5,13.6,13.0,2.9
234,Aarón,Anselmino,Anselmino,Chelsea,DEF,40,0.2,a,,0,0,0,0,0,0.0,0.0,0.0,0.0
235,Cole,Palmer,Palmer,Chelsea,MID,105,54.1,a,,214,3193,15,10,10,1259.2,1068.2,1052.0,338.0
236,Pedro,Lomba Neto,Neto,Chelsea,MID,70,4.1,a,,104,2262,4,6,8,762.7,492.0,545.0,180.0
237,Enzo,Fernández,Enzo,Chelsea,MID,65,4.0,a,,135,2943,6,8,10,1131.6,761.6,517.0,241.3
238,Estêvão,Almeida de Oliveira Gonçalves,Estêvão,Chelsea,MID,65,1.0,a,,0,0,0,0,0,0.0,0.0,0.0,0.0
239,Jamie,Bynoe-Gittens,Gittens,Chelsea,MID,65,0.3,a,,0,0,0,0,0,0.0,0.0,0.0,0.0
240,Christopher,Nkunku,Nkunku,Chelsea,MID,60,0.2,a,,60,904,3,2,2,204.9,230.2,339.0,77.1
241,Moisés,Caicedo Corozo,Caicedo,Chelsea,MID,55,7.0,a,,98,3351,1,4,12,568.8,627.6,95.0,129.2
243,Tyrique,George,George,Chelsea,MID,50,0.1,a,,17,177,1,1,1,72.7,67.4,32.0,17.1
244,Roméo,Lavia,Lavia,Chelsea,MID,50,0.1,a,,26,792,0,1,3,121.7,113.2,7.0,24.4
245,Mykhailo,Mudryk,Mudryk,Chelsea,MID,50,0.0,s,0.0,7,145,0,0,0,31.5,23.2,31.0,8.5
246,Andrey,Nascimento dos Santos,Andrey Santos,Chelsea,MID,45,0.4,a,,0,0,0,0,0,0.0,0.0,0.0,0.0
247,Dário,Luís Essugo,D.Essugo,Chelsea,MID,45,0.1,a,,0,0,0,0,0,0.0,0.0,0.0,0.0
248,Kendry,Páez Andrade,Paez,Chelsea,MID,45,0.1,a,,0,0,0,0,0,0.0,0.0,0.0,0.0
249,João Pedro,Junqueira de Jesus,João Pedro,Chelsea,FWD,75,52.1,a,,126,1946,10,6,6,456.0,567.0,644.0,166.0
250,Liam,Delap,Delap,Chelsea,FWD,65,4.7,a,,132,2587,12,2,3,290.5,513.0,783.0,157.5
251,Nicolas,Jackson,N.Jackson,Chelsea,FWD,65,0.1,s,0.0,121,2220,10,6,11,368.3,546.4,976.0,187.4
672,Jorrel,Hato,Hato,Chelsea,DEF,50,0.2,a,,0,0,0,0,0,0.0,0.0,0.0,0.0
253,Dean,Henderson,Henderson,Crystal Palace,GKP,50,3.5,a,,135,3420,0,0,11,30.0,853.6,4.0,88.6
254,Walter,Benítez,Benitez,Crystal Palace,GKP,40,0.4,a,,0,0,0,0,0,0.0,0.0,0.0,0.0
255,Remi,Matthews,Matthews,Crystal Palace,GKP,40,0.1,a,,0,0,0,0,0,0.0,0.0,0.0,0.0
256,Daniel,Muñoz Mejía,Muñoz,Crystal Palace,DEF,55,8.4,a,,142,3229,4,6,11,634.2,816.6,524.0,197.6
257,Maxence,Lacroix,Lacroix,Crystal Palace,DEF,50,1.1,a,,114,3116,1,2,11,113.7,723.8,277.0,111.4
258,Tyrick,Mitchell,Mitchell,Crystal Palace,DEF,50,1.0,a,,123,3090,0,6,12,559.1,630.8,170.0,136.2
259,Borna,Sosa,Sosa,Crystal Palace,DEF,50,0.1,a,,0,0,0,0,0,0.0,0.0,0.0,0.0
260,Marc,Guéhi,Guéhi,Crystal Palace,DEF,45,13.2,a,,116,3059,3,2,11,237.6,827.0,247.0,131.0
261,Chris,Richards,Richards,Crystal Palace,DEF,45,1.0,a,,68,1921,1,1,7,45.0,470.8,181.0,69.6
262,Chadi,Riad Dnanou,Chadi Riad,Crystal Palace,DEF,40,0.0,i,0.0,1,90,0,0,0,1.3,18.2,0.0,2.0
263,Nathaniel,Clyne,Clyne,Crystal Palace,DEF,40,0.7,a,,18,477,0,0,1,51.8,66.6,8.0,12.4
264,Rob,Holding,Holding,Crystal Palace,DEF,40,0.3,a,,0,0,0,0,0,0.0,0.0,0.0,0.0
265,Caleb,Kporha,Kporha,Crystal Palace,DEF,40,0.2,a,,2,11,0,0,0,4.6,8.0,0.0,1.3
266,Eberechi,Eze,Eze,Crystal Palace,MID,75,9.2,a,,148,2588,8,8,10,849.2,685.0,691.0,222.4
267,Ismaïla,Sarr,Sarr,Crystal Palace,MID,65,2.3,a,,149,2708,8,7,10,618.0,675.0,866.0,215.9
268,Cheick,Doucouré,Doucouré,Crystal Palace,MID,50,0.0,i,0.0,19,443,0,1,1,25.7,58.6,23.0,10.8
269,Romain,Esse,Esse,Crystal Palace,MID,50,0.2,a,,22,138,1,2,0,38.4,74.8,51.0,16.4
270,Will,Hughes,Hughes,Crystal Palace,MID,50,0.1,a,,67,2100,0,4,10,462.6,335.2,90.0,87.5
271,Daichi,Kamada,Kamada,Crystal Palace,MID,50,0.1,a,,45,1545,0,0,3,314.1,219.2,145.0,68.2
272,Jefferson,Lerma Solís,Lerma,Crystal Palace,MID,50,0.1,a,,58,2270,0,1,6,190.2,401.4,197.0,78.7
273,Adam,Wharton,Wharton,Crystal Palace,MID,50,0.5,a,,42,1314,0,2,4,381.4,261.2,69.0,71.2
274,Asher,Agbinone,Agbinone,Crystal Palace,MID,45,0.1,a,,2,4,0,0,0,10.6,4.0,1.0,1.5
275,Naouirou,Ahamada,Ahamada,Crystal Palace,MID,45,0.1,a,,0,0,0,0,0,0.0,0.0,0.0,0.0
276,Justin,Devenny,Devenny,Crystal Palace,MID,45,1.7,a,,34,494,1,1,0,101.8,138.8,90.0,33.2
277,Malcolm,Ebiowei,Ebiowei,Crystal Palace,MID,45,0.1,a,,0,0,0,0,0,0.0,0.0,0.0,0.0
278,Jesurun,Rak-Sakyi,J.Rak-Sakyi,Crystal Palace,MID,45,0.1,a,,0,0,0,0,0,0.0,0.0,0.0,0.0
279,Matheus,França de Oliveira,M.França,Crystal Palace,MID,45,0.1,a,,9,52,1,0,0,1.2,48.4,66.0,11.5
280,David,Ozoh,Ozoh,Crystal Palace,MID,45,0.0,u,0.0,0,0,0,0,0,0.0,0.0,0.0,0.0
281,Kaden,Rodney,Rodney,Crystal Palace,MID,45,0.0,a,,0,0,0,0,0,0.0,0.0,0.0,0.0
282,Franco,Umeh-Chibueze,Umeh,Crystal Palace,MID,45,0.0,a,,0,0,0,0,0,0.0,0.0,0.0,0.0
283,Jean-Philippe,Mateta,Mateta,Crystal Palace,FWD,75,6.3,a,,150,2642,14,2,9,405.4,671.6,800.0,187.3
284,Eddie,Nketiah,Nketiah,Crystal Palace,FWD,55,1.6,a,,53,1018,3,2,2,163.7,192.2,475.0,82.5
285,Odsonne,Édouard,Édouard,Crystal Palace,FWD,50,1.1,a,,7,141,0,0,0,25.0,5.0,50.0,8.0
286,Zach,Marsh,Marsh,Crystal Palace,FWD,45,0.3,a,,0,0,0,0,0,0.0,0.0,0.0,0.0
242,Kiernan,Dewsbury-Hall,Dewsbury-Hall,Everton,MID,50,1.1,a,,18,257,0,1,0,47.4,57.4,21.0,12.6
287,Jordan,Pickford,Pickford,Everton,GKP,55,12.1,a,,158,3420,0,1,12,20.3,1052.0,0.0,107.0
288,Mark,Travers,Travers,Everton,GKP,45,0.2,a,,19,450,0,0,1,0.0,146.4,0.0,14.6
289,Harry,Tyrer,Tyrer,Everton,GKP,40,0.2,a,,0,0,0,0,0,0.0,0.0,0.0,0.0
290,Jarrad,Branthwaite,Branthwaite,Everton,DEF,55,1.9,a,,88,2509,0,1,9,57.7,624.6,130.0,81.3
291,James,Tarkowski,Tarkowski,Everton,DEF,55,5.1,a,,105,2922,1,1,10,188.8,859.0,217.0,126.9
292,Vitalii,Mykolenko,Mykolenko,Everton,DEF,50,4.4,a,,121,3082,1,3,11,428.5,621.4,100.0,115.2
293,Jake,O'Brien,O'Brien,Everton,DEF,50,0.4,a,,65,1568,2,0,5,108.9,341.4,109.0,56.0
294,Séamus,Coleman,Coleman,Everton,DEF,45,0.1,a,,5,214,0,0,0,3.8,42.4,23.0,7.1
295,Michael,Keane,Keane,Everton,DEF,45,0.3,a,,48,1046,3,0,3,23.2,306.6,123.0,45.4
296,Nathan,Patterson,Patterson,Everton,DEF,45,0.2,a,,14,342,0,1,0,70.3,71.6,12.0,15.5
297,Roman,Dixon,Dixon,Everton,DEF,40,0.3,a,,0,90,0,0,0,0.3,15.4,0.0,1.6
298,Reece,Welch,Welch,Everton,DEF,40,0.2,a,,0,0,0,0,0,0.0,0.0,0.0,0.0
299,Iliman,Ndiaye,Ndiaye,Everton,MID,65,12.9,a,,114,2426,9,0,15,326.4,598.0,493.0,142.0
300,Dwight,McNeil,McNeil,Everton,MID,60,0.8,a,,93,1366,4,8,5,631.8,392.0,207.0,123.3
301,Carlos,Alcaraz Durán,Alcaraz,Everton,MID,55,0.3,a,,44,766,2,3,1,205.7,219.4,227.0,65.4
302,Idrissa Gana,Gueye,Gana,Everton,MID,55,0.1,a,,89,3063,0,3,12,327.2,522.0,117.0,96.6
303,James,Garner,Garner,Everton,MID,50,0.1,a,,42,1590,0,1,5,248.2,264.8,93.0,60.4
304,Tim,Iroegbunam,Iroegbunam,Everton,MID,50,0.1,a,,22,562,0,1,0,40.9,122.2,32.0,19.6
305,Harrison,Armstrong,Armstrong,Everton,MID,45,0.4,a,,2,47,0,0,0,10.9,1.8,9.0,2.2
306,Callum,Bates,Bates,Everton,MID,45,0.1,a,,0,0,0,0,0,0.0,0.0,0.0,0.0
307,Coby,Ebere,Ebere,Everton,MID,45,0.0,a,,0,0,0,0,0,0.0,0.0,0.0,0.0
308,Isaac,Heath,Heath,Everton,MID,45,0.0,a,,0,0,0,0,0,0.0,0.0,0.0,0.0
309,Jenson,Metcalfe,Metcalfe,Everton,MID,45,0.0,u,0.0,0,0,0,0,0,0.0,0.0,0.0,0.0
310,Thierno,Barry,Barry,Everton,FWD,60,1.1,a,,0,0,0,0,0,0.0,0.0,0.0,0.0
311,Norberto Bercique,Gomes Betuncal,Beto,Everton,FWD,55,13.5,a,,87,1521,8,0,4,163.9,373.2,666.0,119.5
312,Youssef,Ramalho Chermiti,Y.Chermiti,Everton,FWD,50,0.2,a,,3,42,0,0,0,0.6,2.4,27.0,3.0
313,Martin,Sherif,Sherif,Everton,FWD,45,0.3,a,,0,0,0,0,0,0.0,0.0,0.0,0.0
667,Adam,Aznou,Aznou,Everton,DEF,45,0.1,a,,0,0,0,0,0,0.0,0.0,0.0,0.0
314,Bernd,Leno,Leno,Fulham,GKP,50,1.7,a,,115,3420,0,2,5,20.0,967.0,0.0,98.6
315,Steven,Benda,Benda,Fulham,GKP,40,0.1,u,0.0,0,0,0,0,0,0.0,0.0,0.0,0.0
316,Antonee,Robinson,Robinson,Fulham,DEF,50,6.3,a,,106,3166,0,10,5,723.4,922.2,206.0,185.5
317,Joachim,Andersen,Andersen,Fulham,DEF,45,1.4,a,,51,2673,0,0,4,99.0,687.6,162.0,95.0
318,Calvin,Bassey,Bassey,Fulham,DEF,45,0.4,a,,75,3074,1,0,5,96.7,587.2,157.0,84.1
319,Timothy,Castagne,Castagne,Fulham,DEF,45,0.2,a,,46,1642,0,1,3,163.6,360.4,123.0,64.9
320,Issa,Diop,Diop,Fulham,DEF,45,0.1,a,,31,1334,0,0,1,44.7,257.6,83.0,38.3
321,Jorge,Cuenca Barreno,J.Cuenca,Fulham,DEF,45,0.1,a,,9,349,0,0,0,2.3,81.2,4.0,8.6
322,Kenny,Tete,Tete,Fulham,DEF,45,0.2,a,,49,1773,0,2,3,192.2,381.2,158.0,73.1
323,Samuel,Amissah,Amissah,Fulham,DEF,40,0.2,a,,0,0,0,0,0,0.0,0.0,0.0,0.0
324,Alex,Iwobi,Iwobi,Fulham,MID,65,1.5,a,,156,2981,9,6,6,922.4,806.8,699.0,243.0
325,Emile,Smith Rowe,Smith Rowe,Fulham,MID,60,1.2,a,,114,2036,6,3,7,422.3,433.8,386.0,124.4
326,Adama,Traoré Diarra,Adama,Fulham,MID,55,0.4,a,,95,1756,2,8,3,632.1,385.4,426.0,144.6
327,Andreas,Hoelgebaum Pereira,Andreas,Fulham,MID,55,0.5,a,,81,2004,2,6,5,868.3,326.6,300.0,149.0
328,Ryan,Sessegnon,Sessegnon,Fulham,MID,55,0.2,a,,57,574,4,2,1,158.8,284.0,227.0,67.1
329,Harry,Wilson,Wilson,Fulham,MID,55,1.4,a,,78,1148,6,2,2,310.2,334.6,440.0,107.8
330,Sander,Berge,Berge,Fulham,MID,50,0.1,a,,53,2221,0,0,4,285.7,314.4,51.0,65.1
331,Tom,Cairney,Cairney,Fulham,MID,50,0.1,a,,33,610,2,0,1,213.8,163.8,94.0,47.2
332,Saša,Lukić,Lukić,Fulham,MID,50,0.1,a,,56,2348,0,2,4,455.1,335.6,119.0,91.0
333,Martial,Godo,Godo,Fulham,MID,45,0.1,a,,2,21,0,0,0,12.0,3.4,14.0,3.0
334,Luke,Harris,Harris,Fulham,MID,45,0.0,u,0.0,0,0,0,0,0,0.0,0.0,0.0,0.0
335,Josh,King,King,Fulham,MID,45,0.4,a,,10,126,0,0,1,45.7,26.2,38.0,11.2
336,Harrison,Reed,Reed,Fulham,MID,45,0.3,a,,10,100,0,0,0,20.6,18.6,33.0,7.1
337,Raúl,Jiménez Rodríguez,Raúl,Fulham,FWD,65,2.4,a,,147,2486,12,3,7,372.2,612.8,1018.0,199.7
338,Rodrigo,Muniz Carvalho,Muniz,Fulham,FWD,55,2.5,a,,86,943,8,1,2,95.3,352.4,508.0,95.4
664,Benjamin,Lecomte,Lecomte,Fulham,GKP,40,1.1,a,,0,0,0,0,0,0.0,0.0,0.0,0.0
339,Illan,Meslier,Meslier,Leeds,GKP,45,1.0,a,,0,0,0,0,0,0.0,0.0,0.0,0.0
340,Alex,Cairns,Cairns,Leeds,GKP,40,0.3,a,,0,0,0,0,0,0.0,0.0,0.0,0.0
341,Karl,Darlow,Darlow,Leeds,GKP,40,5.8,a,,0,0,0,0,0,0.0,0.0,0.0,0.0
342,Jayden,Bogle,Bogle,Leeds,DEF,45,0.6,a,,0,0,0,0,0,0.0,0.0,0.0,0.0
343,Pascal,Struijk,Struijk,Leeds,DEF,45,0.4,a,,0,0,0,0,0,0.0,0.0,0.0,0.0
344,Jaka,Bijol,Bijol,Leeds,DEF,40,0.2,s,0.0,0,0,0,0,0,0.0,0.0,0.0,0.0
345,Sebastiaan,Bornauw,Bornauw,Leeds,DEF,40,0.3,a,,0,0,0,0,0,0.0,0.0,0.0,0.0
346,Sam,Byram,Byram,Leeds,DEF,40,0.3,a,,0,0,0,0,0,0.0,0.0,0.0,0.0
347,Gabriel,Gudmundsson,Gudmundsson,Leeds,DEF,40,2.2,a,,0,0,0,0,0,0.0,0.0,0.0,0.0
348,Joe,Rodon,Rodon,Leeds,DEF,40,1.8,a,,0,0,0,0,0,0.0,0.0,0.0,0.0
349,Isaac,Schmidt,Schmidt,Leeds,DEF,40,0.3,a,,0,0,0,0,0,0.0,0.0,0.0,0.0
350,Brenden,Aaronson,Aaronson,Leeds,MID,55,0.1,a,,0,0,0,0,0,0.0,0.0,0.0,0.0
351,Wilfried,Gnonto,Gnonto,Leeds,MID,55,0.6,a,,0,0,0,0,0,0.0,0.0,0.0,0.0
352,Jack,Harrison,Harrison,Leeds,MID,55,0.2,a,,81,2068,1,3,7,527.7,277.0,288.0,108.6
353,Daniel,James,James,Leeds,MID,55,0.8,a,,0,0,0,0,0,0.0,0.0,0.0,0.0
354,Ethan,Ampadu,Ampadu,Leeds,MID,50,0.1,a,,0,0,0,0,0,0.0,0.0,0.0,0.0
355,Sam,Greenwood,Greenwood,Leeds,MID,50,0.1,a,,0,0,0,0,0,0.0,0.0,0.0,0.0
356,Ilia,Gruev,Gruev,Leeds,MID,50,0.1,a,,0,0,0,0,0,0.0,0.0,0.0,0.0
357,Largie,Ramazani,Ramazani,Leeds,MID,50,0.1,a,,0,0,0,0,0,0.0,0.0,0.0,0.0
358,Tanaka,Ao,Tanaka,Leeds,MID,50,0.4,a,,0,0,0,0,0,0.0,0.0,0.0,0.0
359,Charlie,Crew,Crew,Leeds,MID,45,0.1,a,,0,0,0,0,0,0.0,0.0,0.0,0.0
360,Joe,Gelhardt,Gelhardt,Leeds,MID,45,0.3,a,,0,0,0,0,0,0.0,0.0,0.0,0.0
361,Darko,Gyabi,Gyabi,Leeds,MID,45,0.1,a,,0,0,0,0,0,0.0,0.0,0.0,0.0
362,Joël,Piroe,Piroe,Leeds,FWD,55,3.2,a,,0,0,0,0,0,0.0,0.0,0.0,0.0
363,Patrick,Bamford,Bamford,Leeds,FWD,50,3.0,a,,0,0,0,0,0,0.0,0.0,0.0,0.0
364,Mateo,Joseph Fernández-Regatillo,Mateo Joseph,Leeds,FWD,50,0.2,a,,0,0,0,0,0,0.0,0.0,0.0,0.0
365,Lukas,Nmecha,Nmecha,Leeds,FWD,50,0.7,a,,0,0,0,0,0,0.0,0.0,0.0,0.0
493,Sean,Longstaff,Longstaff,Leeds,MID,50,0.3,a,,34,783,0,1,2,78.4,117.2,76.0,27.3
660,Anton,Stach,Stach,Leeds,MID,50,0.1,a,,0,0,0,0,0,0.0,0.0,0.0,0.0
665,Lucas Estella,Perri,Perri,Leeds,GKP,45,0.3,a,,0,0,0,0,0,0.0,0.0,0.0,0.0
366,Alisson,Becker,A.Becker,Liverpool,GKP,55,11.0,a,,112,2508,0,0,10,13.0,628.8,0.0,64.0
367,Giorgi,Mamardashvili,Mamardashvili,Liverpool,GKP,45,0.6,a,,0,0,0,0,0,0.0,0.0,0.0,0.0
368,Ármin,Pécsi,Pécsi,Liverpool,GKP,40,0.1,a,,0,0,0,0,0,0.0,0.0,0.0,0.0
369,Freddie,Woodman,Woodman,Liverpool,GKP,40,0.1,a,,0,0,0,0,0,0.0,0.0,0.0,0.0
370,Jeremie,Frimpong,Frimpong,Liverpool,DEF,60,25.5,a,,0,0,0,0,0,0.0,0.0,0.0,0.0
371,Milos,Kerkez,Kerkez,Liverpool,DEF,60,10.2,a,,134,3336,2,6,9,642.0,694.0,238.0,157.3
372,Andrew,Robertson,Robertson,Liverpool,DEF,60,2.1,a,,91,2479,0,1,10,668.7,395.4,182.0,124.4
373,Virgil,van Dijk,Virgil,Liverpool,DEF,60,24.4,a,,143,3330,3,1,14,206.6,932.6,299.0,143.7
374,Ibrahima,Konaté,Konaté,Liverpool,DEF,55,2.9,a,,106,2561,1,2,11,161.4,578.0,133.0,87.6
375,Conor,Bradley,Bradley,Liverpool,DEF,50,0.6,a,,41,744,0,2,3,110.5,156.2,162.0,42.8
376,Joe,Gomez,Gomez,Liverpool,DEF,50,0.2,a,,14,517,0,0,1,38.5,130.4,58.0,22.8
377,Konstantinos,Tsimikas,Tsimikas,Liverpool,DEF,50,0.1,a,,43,829,0,1,4,260.7,202.0,60.0,52.5
378,Amara,Nallo,Nallo,Liverpool,DEF,40,0.2,a,,0,0,0,0,0,0.0,0.0,0.0,0.0
379,Rhys,Williams,R.Williams,Liverpool,DEF,40,0.2,a,,0,0,0,0,0,0.0,0.0,0.0,0.0
380,Calvin,Ramsay,Ramsay,Liverpool,DEF,40,0.2,a,,0,0,0,0,0,0.0,0.0,0.0,0.0
381,Mohamed,Salah,M.Salah,Liverpool,MID,145,58.0,a,,344,3374,29,18,15,1199.2,1577.0,1985.0,476.0
382,Florian,Wirtz,Wirtz,Liverpool,MID,85,32.6,a,,0,0,0,0,0,0.0,0.0,0.0,0.0
383,Luis,Díaz Marulanda,Luis Díaz,Liverpool,MID,80,0.7,u,0.0,183,2393,13,7,15,748.0,770.8,946.0,246.4
384,Cody,Gakpo,Gakpo,Liverpool,MID,75,5.3,a,,127,1921,10,5,5,517.7,597.0,686.0,180.3
385,Federico,Chiesa,Chiesa,Liverpool,MID,65,0.1,a,,7,103,0,0,0,23.5,9.0,36.0,6.7
386,Alexis,Mac Allister,Mac Allister,Liverpool,MID,65,1.5,a,,122,2597,5,6,14,731.3,653.4,357.0,174.1
387,Dominik,Szoboszlai,Szoboszlai,Liverpool,MID,65,1.8,a,,143,2485,6,10,12,794.8,589.8,601.0,198.1
388,Curtis,Jones,C.Jones,Liverpool,MID,55,0.1,a,,87,1702,3,5,6,343.7,397.2,400.0,113.6
389,Harvey,Elliott,Elliott,Liverpool,MID,55,0.2,a,,33,359,1,2,0,145.8,118.6,143.0,40.4
390,Ryan,Gravenberch,Gravenberch,Liverpool,MID,55,0.1,s,0.0,92,3160,0,4,14,473.9,550.6,121.0,114.7
391,Ben,Doak,Doak,Liverpool,MID,50,0.1,a,,0,0,0,0,0,0.0,0.0,0.0,0.0
392,Endo,Wataru,Endo,Liverpool,MID,50,0.1,a,,21,259,0,0,0,38.2,57.6,6.0,10.0
393,Stefan,Bajčetić Maquieira,Bajcetic,Liverpool,MID,45,0.1,a,,0,0,0,0,0,0.0,0.0,0.0,0.0
394,James,McConnell,McConnell,Liverpool,MID,45,0.0,a,,0,0,0,0,0,0.0,0.0,0.0,0.0
395,Tyler,Morton,Morton,Liverpool,MID,45,0.0,a,,0,0,0,0,0,0.0,0.0,0.0,0.0
396,Trey,Nyoni,Nyoni,Liverpool,MID,45,0.1,a,,0,0,0,0,0,0.0,0.0,0.0,0.0
397,Darwin,Núñez Ribeiro,Darwin,Liverpool,FWD,65,1.2,a,,66,1113,5,3,2,151.6,263.8,404.0,81.2
398,Jayden,Danns,Danns,Liverpool,FWD,45,0.2,a,,1,10,0,0,0,0.3,0.0,0.0,0.0
661,Hugo,Ekitiké,Ekitiké,Liverpool,FWD,85,5.6,a,,0,0,0,0,0,0.0,0.0,0.0,0.0
182,James,Trafford,Trafford,Man City,GKP,50,3.1,a,,0,0,0,0,0,0.0,0.0,0.0,0.0
399,Ederson,Santana de Moraes,Ederson M.,Man City,GKP,55,3.7,a,,111,2320,0,4,10,43.0,567.0,0.0,60.9
400,Stefan,Ortega Moreno,Ortega Moreno,Man City,GKP,50,0.5,a,,35,1099,0,0,3,0.0,292.6,0.0,29.4
401,Marcus,Bettinelli,Bettinelli,Man City,GKP,40,0.2,a,,0,0,0,0,0,0.0,0.0,0.0,0.0
402,Rayan,Aït-Nouri,Aït-Nouri,Man City,DEF,60,23.1,a,,125,3112,4,7,7,694.3,778.4,435.0,191.0
403,Joško,Gvardiol,Gvardiol,Man City,DEF,60,17.4,a,,153,3278,5,0,13,501.7,847.0,497.0,185.0
404,Manuel,Akanji,Akanji,Man City,DEF,55,0.7,a,,61,2012,0,0,6,249.8,339.8,100.0,68.9
405,Nathan,Aké,Aké,Man City,DEF,55,0.6,a,,25,677,0,0,3,33.7,104.6,20.0,15.9
406,Abdukodir,Khusanov,Khusanov,Man City,DEF,55,0.3,a,,14,503,0,0,2,33.9,102.0,4.0,14.1
407,Matheus,Nunes,Matheus N.,Man City,DEF,55,0.6,a,,81,1670,1,7,9,422.4,370.4,206.0,99.9
408,Rúben,dos Santos Gato Alves Dias,Rúben,Man City,DEF,55,2.5,a,,90,2269,0,0,11,173.8,478.2,150.0,80.2
409,John,Stones,Stones,Man City,DEF,55,0.5,a,,29,544,2,0,1,49.8,155.6,70.0,27.4
410,Rico,Lewis,Lewis,Man City,DEF,50,0.6,a,,66,1888,1,2,5,218.6,293.8,139.0,65.0
411,Nico,O'Reilly,O’Reilly,Man City,DEF,50,0.2,a,,31,525,2,0,3,76.2,133.4,112.0,32.2
412,Vitor,de Oliveira Nunes dos Reis,Vitor Reis,Man City,DEF,50,0.1,a,,1,1,0,0,0,0.0,3.2,0.0,0.3
413,Omar,Marmoush,Marmoush,Man City,MID,85,13.6,a,,73,1174,7,1,8,246.7,318.0,410.0,97.3
414,Phil,Foden,Foden,Man City,MID,80,3.2,a,,105,1771,7,3,6,749.0,448.0,449.0,164.2
415,Sávio,Moreira de Oliveira,Savinho,Man City,MID,70,1.9,a,,106,1760,1,11,8,682.9,415.2,671.0,177.3
416,Bernardo,Mota Veiga de Carvalho e Silva,Bernardo,Man City,MID,65,0.6,a,,110,2667,4,4,10,800.4,603.0,532.0,193.6
417,Rayan,Cherki,Cherki,Man City,MID,65,8.6,a,,0,0,0,0,0,0.0,0.0,0.0,0.0
418,Jérémy,Doku,Doku,Man City,MID,65,1.2,a,,88,1506,3,6,8,515.9,453.8,528.0,150.0
419,Jack,Grealish,Grealish,Man City,MID,65,0.1,a,,38,710,1,1,2,321.4,157.2,234.0,71.3
420,İlkay,Gündoğan,Gündoğan,Man City,MID,65,0.2,a,,97,2218,1,7,10,781.3,387.0,273.0,144.2
421,Rodrigo 'Rodri',Hernandez Cascante,Rodrigo,Man City,MID,65,1.6,a,,3,72,0,0,0,17.5,12.2,0.0,3.0
422,Mateo,Kovačić,Kovačić,Man City,MID,60,0.0,i,0.0,109,2194,6,3,10,579.3,606.4,204.0,139.1
423,Nico,González Iglesias,N.Gonzalez,Man City,MID,60,0.1,a,,31,760,1,1,6,78.7,137.2,62.0,27.5
424,Oscar,Bobb,Bobb,Man City,MID,55,0.1,a,,3,14,0,0,0,12.6,4.4,0.0,1.6
425,Claudio,Echeverri,Echeverri,Man City,MID,55,0.1,a,,1,5,0,0,0,0.4,2.2,0.0,0.3
426,James,McAtee,McAtee,Man City,MID,55,0.1,a,,31,340,3,0,0,64.6,113.0,136.0,30.7
427,Tijjani,Reijnders,Reijnders,Man City,MID,55,4.5,a,,0,0,0,0,0,0.0,0.0,0.0,0.0
428,Sverre,Nypan,Nypan,Man City,MID,50,0.1,a,,0,0,0,0,0,0.0,0.0,0.0,0.0
429,Kalvin,Phillips,Phillips,Man City,MID,50,0.1,a,,27,1231,0,0,1,116.2,181.8,41.0,33.8
430,Erling,Haaland,Haaland,Man City,FWD,140,20.5,a,,181,2736,22,3,10,359.4,946.0,1511.0,281.8
119,Bryan,Mbeumo,Mbeumo,Man Utd,MID,80,16.7,a,,236,3415,20,9,9,1107.5,1236.8,1060.0,340.8
431,Altay,Bayındır,Bayindir,Man Utd,GKP,50,0.5,a,,8,360,0,0,1,0.0,80.0,0.0,7.9
432,André,Onana,Onana,Man Utd,GKP,50,0.1,d,50.0,120,3060,0,0,9,13.0,733.0,0.0,74.7
433,Elyh,Harrison,Harrison,Man Utd,GKP,40,0.0,u,0.0,0,0,0,0,0,0.0,0.0,0.0,0.0
434,Tom,Heaton,Heaton,Man Utd,GKP,40,0.4,a,,0,0,0,0,0,0.0,0.0,0.0,0.0
435,Dermot,Mee,Mee,Man Utd,GKP,40,0.1,a,,0,0,0,0,0,0.0,0.0,0.0,0.0
436,Matthijs,de Ligt,De Ligt,Man Utd,DEF,50,1.1,a,,68,2119,2,0,4,88.7,518.4,303.0,91.5
437,Lisandro,Martínez,Martinez,Man Utd,DEF,50,0.6,a,,68,1751,2,1,6,153.9,426.6,158.0,73.8
438,Noussair,Mazraoui,Mazraoui,Man Utd,DEF,50,1.1,a,,88,2836,0,1,7,332.7,619.4,123.0,107.5
439,Diego,León Blanco,D.Leon,Man Utd,DEF,45,0.1,a,,0,0,0,0,0,0.0,0.0,0.0,0.0
440,Diogo,Dalot Teixeira,Dalot,Man Utd,DEF,45,2.7,a,,95,2812,0,4,8,434.2,493.2,264.0,118.6
441,Patrick,Dorgu,Dorgu,Man Utd,DEF,45,5.8,a,,18,840,0,0,2,175.3,106.4,112.0,39.4
442,Harry,Maguire,Maguire,Man Utd,DEF,45,0.6,a,,48,1751,1,0,3,111.5,411.4,237.0,76.1
443,Luke,Shaw,Shaw,Man Utd,DEF,45,0.2,a,,5,346,0,0,0,68.2,48.2,11.0,12.7
444,Leny,Yoro,Yoro,Man Utd,DEF,45,1.1,a,,22,1160,0,0,1,55.8,207.4,54.0,31.8
445,Harry,Amass,Amass,Man Utd,DEF,40,0.3,a,,4,345,0,0,0,26.5,40.0,15.0,8.2
446,Tyler,Fredricson,Fredricson,Man Utd,DEF,40,0.2,a,,2,166,0,0,0,4.9,37.4,2.0,4.4
447,Ayden,Heaven,Heaven,Man Utd,DEF,40,2.0,a,,10,169,0,0,1,12.9,43.4,8.0,6.4
448,Tyrell,Malacia,Malacia,Man Utd,DEF,40,0.4,a,,2,99,0,0,0,13.9,5.2,0.0,1.7
449,Bruno,Borges Fernandes,B.Fernandes,Man Utd,MID,90,14.6,a,,174,3017,8,12,10,1407.7,1017.8,587.0,300.8
450,Matheus,Santos Carneiro da Cunha,Cunha,Man Utd,MID,80,10.3,a,,178,2596,15,7,7,847.8,936.2,940.0,272.2
451,Marcus,Rashford,Rashford,Man Utd,MID,70,0.3,u,0.0,95,1414,6,4,7,451.1,398.4,369.0,122.1
452,Amad,Diallo,Amad,Man Utd,MID,65,3.7,a,,129,1898,8,8,7,687.2,634.0,615.0,193.8
453,Alejandro,Garnacho Ferreyra,Garnacho,Man Utd,MID,65,0.2,a,,106,2188,6,4,5,532.2,454.0,904.0,188.3
454,Antony,dos Santos,Antony,Man Utd,MID,60,0.1,a,,8,135,0,0,0,50.7,35.0,74.0,15.8
455,Mason,Mount,Mount,Man Utd,MID,60,0.2,a,,25,613,1,0,3,140.0,104.0,218.0,45.6
456,Jadon,Sancho,Sancho,Man Utd,MID,60,0.1,a,,86,1754,3,5,7,523.2,340.0,414.0,127.5
457,Carlos Henrique,Casimiro,Casemiro,Man Utd,MID,55,0.2,a,,48,1489,1,0,6,348.2,433.2,265.0,104.8
458,Kobbie,Mainoo,Mainoo,Man Utd,MID,50,0.9,a,,42,1646,0,0,5,250.8,196.6,137.0,58.8
459,Manuel,Ugarte Ribeiro,Ugarte,Man Utd,MID,50,0.2,a,,49,1777,1,2,4,195.9,313.6,113.0,62.1
460,Toby,Collyer,Collyer,Man Utd,MID,45,0.2,a,,6,174,0,0,0,29.9,40.4,8.0,7.9
461,Jayce,Fitzgerald,Fitzgerald,Man Utd,MID,45,0.0,a,,0,0,0,0,0,0.0,0.0,0.0,0.0
462,Jack,Fletcher,J.Fletcher,Man Utd,MID,45,0.0,a,,0,0,0,0,0,0.0,0.0,0.0,0.0
463,Sékou,Koné,Kone,Man Utd,MID,45,0.1,a,,0,0,0,0,0,0.0,0.0,0.0,0.0
464,Jack,Moorhouse,Moorhouse,Man Utd,MID,45,0.0,a,,0,0,0,0,0,0.0,0.0,0.0,0.0
465,Rasmus,Højlund,Højlund,Man Utd,FWD,65,1.0,a,,78,1998,4,1,6,254.7,187.0,432.0,86.3
466,Joshua,Zirkzee,Zirkzee,Man Utd,FWD,60,1.0,a,,64,1385,3,2,3,212.0,222.6,351.0,78.0
467,Chido,Obi,Obi,Man Utd,FWD,45,4.2,a,,7,160,0,0,0,5.1,8.2,46.0,5.4
468,Ethan,Wheatley,Wheatley,Man Utd,FWD,45,0.2,a,,0,0,0,0,0,0.0,0.0,0.0,0.0
469,Nick,Pope,Pope,Newcastle,GKP,50,3.8,a,,102,2520,0,0,8,10.0,666.0,0.0,67.4
471,Mark,Gillespie,Gillespie,Newcastle,GKP,40,0.1,a,,0,0,0,0,0,0.0,0.0,0.0,0.0
472,Odysseas,Vlachodimos,Odysseas,Newcastle,GKP,40,0.1,a,,0,0,0,0,0,0.0,0.0,0.0,0.0
473,Lewis,Hall,Hall,Newcastle,DEF,55,2.7,a,,102,2188,0,7,8,561.2,561.6,128.0,125.3
474,Fabian,Schär,Schär,Newcastle,DEF,55,2.4,a,,118,2935,4,2,11,111.5,743.2,346.0,119.6
475,Sven,Botman,Botman,Newcastle,DEF,50,0.5,a,,18,412,0,0,2,28.4,110.4,96.0,23.6
476,Dan,Burn,Burn,Newcastle,DEF,50,3.2,a,,115,3330,1,1,13,123.6,736.6,297.0,115.8
477,Tino,Livramento,Livramento,Newcastle,DEF,50,4.1,a,,105,2835,0,1,10,406.2,567.4,127.0,110.1
478,Kieran,Trippier,Trippier,Newcastle,DEF,50,1.5,a,,72,1299,0,3,6,406.8,319.4,33.0,76.1
479,Emil,Krafth,Krafth,Newcastle,DEF,45,0.1,a,,17,334,0,0,1,19.7,59.2,13.0,9.3
480,Jamaal,Lascelles,Lascelles,Newcastle,DEF,45,0.1,a,,0,0,0,0,0,0.0,0.0,0.0,0.0
481,Alex,Murphy,A.Murphy,Newcastle,DEF,40,0.8,a,,0,0,0,0,0,0.0,0.0,0.0,0.0
482,Harrison,Ashby,Ashby,Newcastle,DEF,40,0.2,a,,0,0,0,0,0,0.0,0.0,0.0,0.0
483,Miodrag,Pivaš,Pivas,Newcastle,DEF,40,0.2,a,,0,0,0,0,0,0.0,0.0,0.0,0.0
484,Matt,Targett,Targett,Newcastle,DEF,40,0.5,a,,2,20,0,0,0,5.6,5.0,0.0,1.0
485,Anthony,Gordon,Gordon,Newcastle,MID,75,3.1,a,,124,2428,6,6,10,777.3,537.0,655.0,196.8
486,Anthony,Elanga,Elanga,Newcastle,MID,70,9.4,a,,153,2496,6,11,12,785.4,627.0,582.0,199.8
487,Harvey,Barnes,Barnes,Newcastle,MID,65,0.6,a,,130,1746,9,5,6,407.1,522.2,701.0,163.1
488,Bruno,Guimarães Rodriguez Moura,Bruno G.,Newcastle,MID,65,1.5,a,,135,3273,5,6,13,796.0,723.0,454.0,197.5
489,Jacob,Murphy,J.Murphy,Newcastle,MID,65,2.9,a,,159,2356,8,13,11,625.2,713.4,519.0,185.6
490,Joelinton Cássio,Apolinário de Lira,Joelinton,Newcastle,MID,60,0.5,a,,99,2394,4,4,10,389.3,469.8,465.0,132.7
491,Sandro,Tonali,Tonali,Newcastle,MID,55,2.3,a,,106,2625,4,2,11,496.3,539.4,299.0,133.5
492,Antoñito,Cordero Campillo,Antoñito C.,Newcastle,MID,50,0.1,a,,0,0,0,0,0,0.0,0.0,0.0,0.0
494,Joe,Willock,Willock,Newcastle,MID,50,0.2,a,,46,1065,0,2,4,273.8,172.8,197.0,63.9
495,Isaac,Hayden,Hayden,Newcastle,MID,45,0.1,a,,0,0,0,0,0,0.0,0.0,0.0,0.0
496,Garang,Kuol,Kuol,Newcastle,MID,45,0.1,a,,0,0,0,0,0,0.0,0.0,0.0,0.0
497,Lewis,Miley,L.Miley,Newcastle,MID,45,3.2,a,,21,304,1,0,0,33.5,87.4,45.0,16.7
498,Joe,White,White,Newcastle,MID,45,0.1,u,0.0,0,0,0,0,0,0.0,0.0,0.0,0.0
499,Alexander,Isak,Isak,Newcastle,FWD,105,26.2,a,,211,2758,23,6,12,573.1,1043.0,1320.0,292.7
500,William,Osula,Osula,Newcastle,FWD,55,0.2,a,,19,124,1,0,0,25.1,42.4,37.0,10.5
501,Sean,Neave,Neave,Newcastle,FWD,45,0.3,a,,0,0,0,0,0,0.0,0.0,0.0,0.0
674,Aaron,Ramsdale,Ramsdale,Newcastle,GKP,50,0.3,a,,0,0,0,0,0,0.0,0.0,0.0,0.0
502,Matz,Sels,Sels,Nott'm Forest,GKP,50,17.9,a,,150,3420,0,1,13,20.2,942.2,0.0,96.7
503,Carlos Miguel,dos Santos Pereira,C.Miguel,Nott'm Forest,GKP,40,0.3,a,,0,0,0,0,0,0.0,0.0,0.0,0.0
504,Matt,Turner,Turner,Nott'm Forest,GKP,40,1.3,a,,0,0,0,0,0,0.0,0.0,0.0,0.0
505,Nikola,Milenković,Milenković,Nott'm Forest,DEF,55,9.2,a,,145,3330,5,2,13,107.9,805.2,361.0,127.2
506,Murillo,Costa dos Santos,Murillo,Nott'm Forest,DEF,55,4.9,a,,130,3188,2,0,12,211.2,927.2,201.0,134.0
507,Ola,Aina,Aina,Nott'm Forest,DEF,50,17.4,a,,128,2996,2,1,12,282.3,578.2,80.0,94.1
508,Neco,Williams,N.Williams,Nott'm Forest,DEF,50,4.9,a,,109,2588,1,3,10,305.3,628.4,244.0,118.0
509,David,Mota Veiga Teixeira do Carmo,David Carmo,Nott'm Forest,DEF,45,0.1,a,,0,0,0,0,0,0.0,0.0,0.0,0.0
510,Jair,Paula da Cunha Filho,Jair Cunha,Nott'm Forest,DEF,45,0.1,a,,0,0,0,0,0,0.0,0.0,0.0,0.0
511,Felipe,Rodrigues da Silva,Morato,Nott'm Forest,DEF,45,0.1,a,,36,891,0,0,3,10.8,205.2,22.0,24.0
512,Omar,Richards,O.Richards,Nott'm Forest,DEF,45,0.1,a,,0,0,0,0,0,0.0,0.0,0.0,0.0
513,Zach,Abbott,Abbott,Nott'm Forest,DEF,40,0.3,a,,0,0,0,0,0,0.0,0.0,0.0,0.0
514,Willy,Boly,Boly,Nott'm Forest,DEF,40,0.6,a,,6,146,0,0,0,0.4,51.0,17.0,6.8
515,Morgan,Gibbs-White,Gibbs-White,Nott'm Forest,MID,75,4.8,a,,154,2806,7,11,13,793.7,680.4,632.0,210.6
516,Callum,Hudson-Odoi,Hudson-Odoi,Nott'm Forest,MID,60,1.7,a,,103,2190,5,3,11,663.9,445.6,405.0,151.0
517,Elliot,Anderson,Anderson,Nott'm Forest,MID,55,4.8,a,,107,2726,2,6,13,605.2,638.8,308.0,155.6
518,João Pedro,Ferreira da Silva,Jota,Nott'm Forest,MID,55,0.1,a,,52,835,3,2,1,182.9,221.8,239.0,64.6
519,Nicolás,Domínguez,Dominguez,Nott'm Forest,MID,50,0.0,i,0.0,54,1954,0,1,7,247.2,410.2,237.0,89.4
520,Lewis,O'Brien,O'Brien,Nott'm Forest,MID,50,0.0,u,0.0,0,0,0,0,0,0.0,0.0,0.0,0.0
521,Ibrahim,Sangaré,Sangaré,Nott'm Forest,MID,50,0.1,a,,20,584,0,1,2,80.3,130.6,21.0,23.2
522,Ryan,Yates,Yates,Nott'm Forest,MID,50,0.2,a,,67,1901,2,2,6,241.1,344.4,265.0,85.4
523,Eric,da Silva Moreira,Da Silva Moreira,Nott'm Forest,MID,45,0.2,a,,2,28,0,0,0,0.3,5.2,0.0,0.6
524,Marko,Stamenić,Stamenic,Nott'm Forest,MID,45,0.1,a,,0,0,0,0,0,0.0,0.0,0.0,0.0
525,Chris,Wood,Wood,Nott'm Forest,FWD,75,16.4,a,,200,2958,20,3,15,320.0,838.4,900.0,205.6
526,Igor Jesus,Maciel da Cruz,Igor Jesus,Nott'm Forest,FWD,60,1.2,a,,0,0,0,0,0,0.0,0.0,0.0,0.0
527,Taiwo,Awoniyi,Awoniyi,Nott'm Forest,FWD,55,0.8,a,,32,398,1,0,1,40.9,67.0,118.0,21.9
669,Dan,Ndoye,Ndoye,Nott'm Forest,MID,60,0.3,a,,0,0,0,0,0,0.0,0.0,0.0,0.0
675,Angus,Gunn,Gunn,Nott'm Forest,GKP,40,0.2,a,,0,0,0,0,0,0.0,0.0,0.0,0.0
252,Marc,Guiu Paz,Marc Guiu,Sunderland,FWD,45,9.5,a,,3,71,0,0,0,11.8,4.4,6.0,2.2
528,Anthony,Patterson,Patterson,Sunderland,GKP,45,0.5,a,,0,0,0,0,0,0.0,0.0,0.0,0.0
529,Simon,Moore,Moore,Sunderland,GKP,40,0.6,a,,0,0,0,0,0,0.0,0.0,0.0,0.0
530,Blondy,Nna Noukeu,Nna Noukeu,Sunderland,GKP,40,0.2,a,,0,0,0,0,0,0.0,0.0,0.0,0.0
531,Daniel,Ballard,Ballard,Sunderland,DEF,45,0.3,a,,0,0,0,0,0,0.0,0.0,0.0,0.0
532,Trai,Hume,Hume,Sunderland,DEF,45,0.3,a,,0,0,0,0,0,0.0,0.0,0.0,0.0
533,Aji,Alese,Alese,Sunderland,DEF,40,0.0,i,0.0,0,0,0,0,0,0.0,0.0,0.0,0.0
534,Joe,Anderson,Anderson,Sunderland,DEF,40,0.6,a,,0,0,0,0,0,0.0,0.0,0.0,0.0
535,Dennis,Cirkin,Cirkin,Sunderland,DEF,40,0.2,i,0.0,0,0,0,0,0,0.0,0.0,0.0,0.0
536,Leo Fuhr,Hjelde,Hjelde,Sunderland,DEF,40,0.0,i,0.0,0,0,0,0,0,0.0,0.0,0.0,0.0
537,Niall,Huggins,Huggins,Sunderland,DEF,40,0.3,a,,0,0,0,0,0,0.0,0.0,0.0,0.0
538,Zak,Johnson,Johnson,Sunderland,DEF,40,0.3,a,,0,0,0,0,0,0.0,0.0,0.0,0.0
539,Luke,O'Nien,O'Nien,Sunderland,DEF,40,0.0,i,0.0,0,0,0,0,0,0.0,0.0,0.0,0.0
540,Timothée,Pembélé,Pembele,Sunderland,DEF,40,0.3,a,,0,0,0,0,0,0.0,0.0,0.0,0.0
541,Reinildo,Mandava,Reinildo,Sunderland,DEF,40,7.9,a,,0,0,0,0,0,0.0,0.0,0.0,0.0
542,Jenson,Seelt,Seelt,Sunderland,DEF,40,0.4,a,,0,0,0,0,0,0.0,0.0,0.0,0.0
543,Simon,Adingra,Adingra,Sunderland,MID,55,2.6,a,,60,1081,2,3,2,261.9,212.4,337.0,80.9
544,Habib,Diarra,Diarra,Sunderland,MID,55,0.1,a,,0,0,0,0,0,0.0,0.0,0.0,0.0
545,Patrick,Roberts,Roberts,Sunderland,MID,55,0.1,a,,0,0,0,0,0,0.0,0.0,0.0,0.0
546,Milan,Aleksić,Aleksić,Sunderland,MID,50,0.1,a,,0,0,0,0,0,0.0,0.0,0.0,0.0
547,Enzo,Le Fée,E.Le Fée,Sunderland,MID,50,1.0,a,,0,0,0,0,0,0.0,0.0,0.0,0.0
548,Romaine,Mundle,Mundle,Sunderland,MID,50,0.1,a,,0,0,0,0,0,0.0,0.0,0.0,0.0
549,Dan,Neil,Neil,Sunderland,MID,50,0.1,a,,0,0,0,0,0,0.0,0.0,0.0,0.0
550,Ian,Poveda-Ocampo,Poveda,Sunderland,MID,50,0.1,a,,0,0,0,0,0,0.0,0.0,0.0,0.0
551,Chris,Rigg,Rigg,Sunderland,MID,50,0.1,a,,0,0,0,0,0,0.0,0.0,0.0,0.0
552,Noah,Sadiki,Sadiki,Sunderland,MID,50,0.1,a,,0,0,0,0,0,0.0,0.0,0.0,0.0
553,Chemsdine,Talbi,Talbi,Sunderland,MID,50,0.2,a,,0,0,0,0,0,0.0,0.0,0.0,0.0
554,Abdoullah,Ba,Ba,Sunderland,MID,45,0.4,a,,0,0,0,0,0,0.0,0.0,0.0,0.0
555,Alan,Browne,Browne,Sunderland,MID,45,0.1,a,,0,0,0,0,0,0.0,0.0,0.0,0.0
556,Pierre,Ekwah Elimby,Ekwah,Sunderland,MID,45,0.1,a,,0,0,0,0,0,0.0,0.0,0.0,0.0
557,Harrison,Jones,H.Jones,Sunderland,MID,45,0.1,a,,0,0,0,0,0,0.0,0.0,0.0,0.0
558,Jay,Matete,Matete,Sunderland,MID,45,0.3,a,,0,0,0,0,0,0.0,0.0,0.0,0.0
559,Nectarios,Triantis,Triantis,Sunderland,MID,45,0.1,a,,0,0,0,0,0,0.0,0.0,0.0,0.0
560,Wilson,Isidor,Isidor,Sunderland,FWD,55,0.3,a,,0,0,0,0,0,0.0,0.0,0.0,0.0
561,Eliezer,Mayenda Dossou,Mayenda,Sunderland,FWD,55,0.4,a,,0,0,0,0,0,0.0,0.0,0.0,0.0
562,Ahmed,Abdullahi,Abdullahi,Sunderland,FWD,45,1.0,a,,0,0,0,0,0,0.0,0.0,0.0,0.0
563,Luís Hemir,Silva Semedo,Luís Hemir,Sunderland,FWD,45,0.3,a,,0,0,0,0,0,0.0,0.0,0.0,0.0
564,Nazarii,Rusyn,Rusyn,Sunderland,FWD,45,0.3,a,,0,0,0,0,0,0.0,0.0,0.0,0.0
668,Granit,Xhaka,Xhaka,Sunderland,MID,50,2.3,a,,0,0,0,0,0,0.0,0.0,0.0,0.0
670,Robin,Roefs,Roefs,Sunderland,GKP,45,0.1,a,,0,0,0,0,0,0.0,0.0,0.0,0.0
565,Guglielmo,Vicario,Vicario,Spurs,GKP,50,3.4,a,,66,2160,0,0,4,0.0,587.8,0.0,58.5
566,Brandon,Austin,Austin,Spurs,GKP,40,0.3,a,,1,90,0,0,0,0.0,20.0,0.0,2.0
567,Antonín,Kinský,Kinsky,Spurs,GKP,40,4.1,a,,17,540,0,0,1,10.1,208.2,0.0,21.7
568,Pedro,Porro Sauceda,Pedro Porro,Spurs,DEF,55,11.5,a,,98,2606,2,6,6,932.9,778.4,200.0,191.2
569,Cristian,Romero,Romero,Spurs,DEF,50,1.8,a,,49,1416,1,1,3,113.1,343.2,232.0,69.0
570,Kevin,Danso,Danso,Spurs,DEF,45,0.1,a,,16,842,0,0,1,34.4,242.0,72.0,34.9
571,Ben,Davies,Davies,Spurs,DEF,45,0.1,a,,28,1329,0,0,3,42.1,343.6,49.0,43.7
572,Radu,Drăgușin,Dragusin,Spurs,DEF,45,0.0,i,0.0,24,1250,0,0,2,58.1,256.4,47.0,36.2
573,Djed,Spence,Spence,Spurs,DEF,45,0.6,a,,51,1790,1,2,3,226.6,433.0,100.0,76.1
574,Destiny,Udogie,Udogie,Spurs,DEF,45,6.9,a,,43,1923,0,1,2,256.5,354.8,132.0,74.5
575,Micky,van de Ven,Van de Ven,Spurs,DEF,45,18.8,a,,32,1014,0,2,2,39.4,212.0,57.0,30.9
576,Ashley,Phillips,Phillips,Spurs,DEF,40,0.1,u,0.0,0,0,0,0,0,0.0,0.0,0.0,0.0
577,Takai,Kōta,Takai,Spurs,DEF,40,0.4,a,,0,0,0,0,0,0.0,0.0,0.0,0.0
578,Luka,Vušković,Vuskovic,Spurs,DEF,40,2.0,a,,0,0,0,0,0,0.0,0.0,0.0,0.0
579,Son,Heung-min,Son,Spurs,MID,85,1.9,a,,129,2106,7,10,4,734.9,629.6,707.0,207.2
580,Brennan,Johnson,Johnson,Spurs,MID,70,3.6,a,,137,2171,11,6,2,295.0,559.6,761.0,161.0
581,James,Maddison,Maddison,Spurs,MID,70,2.3,i,0.0,133,1799,9,8,6,702.3,683.4,495.0,187.8
582,Mohammed,Kudus,Kudus,Spurs,MID,65,24.9,a,,106,2589,5,4,7,552.5,471.6,752.0,177.5
583,Dejan,Kulusevski,Kulusevski,Spurs,MID,65,0.0,i,0.0,117,2386,7,4,6,843.8,613.6,733.0,218.7
584,Mathys,Tel,Tel,Spurs,MID,65,0.2,a,,42,908,2,2,2,208.3,183.8,236.0,62.3
585,Rodrigo,Bentancur,Bentancur,Spurs,MID,55,0.1,a,,49,1640,2,0,3,208.5,324.6,165.0,70.2
586,Lucas,Bergvall,Bergvall,Spurs,MID,55,0.2,a,,44,1200,0,2,3,218.7,237.2,97.0,55.0
587,Yves,Bissouma,Bissouma,Spurs,MID,55,0.1,a,,50,1396,2,0,3,133.8,283.8,59.0,48.0
588,Wilson,Odobert,Odobert,Spurs,MID,55,0.1,a,,34,843,1,0,1,108.6,101.2,156.0,36.7
589,Manor,Solomon,Solomon,Spurs,MID,55,0.1,a,,0,0,0,0,0,0.0,0.0,0.0,0.0
590,Bryan,Gil Salvatierra,Bryan,Spurs,MID,50,0.1,a,,0,0,0,0,0,0.0,0.0,0.0,0.0
591,Archie,Gray,Gray,Spurs,MID,50,0.2,a,,45,1750,0,0,2,71.4,254.6,15.0,34.3
592,Mikey,Moore,Moore,Spurs,MID,50,0.1,a,,19,359,0,2,0,45.2,33.2,34.0,11.0
593,Pape Matar,Sarr,P.M.Sarr,Spurs,MID,50,2.1,a,,71,1901,3,2,2,257.2,398.4,220.0,87.2
594,Yang,Min-hyeok,Min-hyeok,Spurs,MID,45,0.2,a,,0,0,0,0,0,0.0,0.0,0.0,0.0
595,Callum,Olusesi,Olusesi,Spurs,MID,45,0.2,a,,0,0,0,0,0,0.0,0.0,0.0,0.0
596,Dominic,Solanke-Mitchell,Solanke,Spurs,FWD,75,11.2,a,,108,2199,9,5,4,199.8,505.8,729.0,142.1
597,Richarlison,de Andrade,Richarlison,Spurs,FWD,65,1.1,a,,35,497,4,1,1,57.1,180.8,243.0,47.4
598,Will,Lankshear,Lankshear,Spurs,FWD,45,0.4,a,,3,10,0,0,0,0.0,0.0,0.0,0.0
599,Dane,Scarlett,Scarlett,Spurs,FWD,45,0.9,a,,6,31,0,1,0,11.0,24.4,17.0,5.2
673,João Maria,Lobo Alves Palhares Costa Palhinha Gonçalves,J.Palhinha,Spurs,MID,55,0.2,a,,0,0,0,0,0,0.0,0.0,0.0,0.0
600,Alphonse,Areola,Areola,West Ham,GKP,45,5.3,a,,69,2259,0,0,4,0.0,619.8,0.0,62.1
601,Wes,Foderingham,Foderingham,West Ham,GKP,40,0.8,a,,0,0,0,0,0,0.0,0.0,0.0,0.0
602,Krisztián,Hegyi,Hegyi,West Ham,GKP,40,0.4,a,,0,0,0,0,0,0.0,0.0,0.0,0.0
603,El Hadji Malick,Diouf,Diouf,West Ham,DEF,45,4.0,a,,0,0,0,0,0,0.0,0.0,0.0,0.0
604,Emerson,Palmieri dos Santos,Emerson,West Ham,DEF,45,0.2,a,,76,2108,2,1,5,310.9,420.4,173.0,90.4
605,Maximilian,Kilman,Kilman,West Ham,DEF,45,0.4,a,,82,3348,0,1,6,203.3,832.6,149.0,118.8
606,Konstantinos,Mavropanos,Mavropanos,West Ham,DEF,45,0.1,a,,45,2035,0,0,2,74.9,497.0,160.0,73.2
607,Nayef,Aguerd,N.Aguerd,West Ham,DEF,45,0.1,a,,0,0,0,0,0,0.0,0.0,0.0,0.0
608,Ollie,Scarles,Scarles,West Ham,DEF,45,0.1,a,,29,659,0,0,2,54.3,106.4,24.0,18.6
609,Jean-Clair,Todibo,Todibo,West Ham,DEF,45,0.1,a,,54,1824,0,0,5,37.1,373.0,35.0,44.5
610,Aaron,Wan-Bissaka,Wan-Bissaka,West Ham,DEF,45,31.1,a,,118,3154,2,6,6,531.5,807.4,188.0,152.7
611,Kaelan,Casey,Casey,West Ham,DEF,40,0.8,a,,1,1,0,0,0,0.0,2.0,0.0,0.2
612,Lucas,Tolentino Coelho de Lima,L.Paquetá,West Ham,MID,60,1.1,a,,80,2374,4,1,4,627.7,433.2,267.0,132.6
613,Tomáš,Souček,Souček,West Ham,MID,60,0.9,a,,126,2563,9,2,7,231.8,672.6,643.0,154.0
614,James,Ward-Prowse,Ward-Prowse,West Ham,MID,60,0.4,a,,51,1433,1,2,5,378.3,282.4,138.0,80.0
615,Crysencio,Summerville,Summerville,West Ham,MID,55,0.0,i,0.0,33,776,1,1,2,246.1,156.4,186.0,58.7
616,Edson,Álvarez Velázquez,Álvarez,West Ham,MID,50,0.2,a,,40,1769,0,1,3,213.9,281.8,51.0,54.7
617,Maxwel,Cornet,Cornet,West Ham,MID,50,0.1,a,,1,71,0,0,0,3.5,11.6,7.0,2.2
618,Guido,Rodríguez,G.Rodriguez,West Ham,MID,50,0.1,a,,36,1147,0,1,4,79.7,205.4,29.0,31.5
619,Luis Guilherme,Lira dos Santos,L.Guilherme,West Ham,MID,50,0.1,a,,12,139,0,0,0,49.1,27.6,32.0,10.8
620,George,Earthy,Earthy,West Ham,MID,45,0.2,a,,0,0,0,0,0,0.0,0.0,0.0,0.0
621,Andy,Irving,Irving,West Ham,MID,45,0.3,a,,9,161,0,0,0,26.5,37.6,17.0,8.1
622,Lewis,Orford,Orford,West Ham,MID,45,0.2,a,,2,47,0,0,0,27.6,6.4,6.0,4.0
623,Freddie,Potts,Potts,West Ham,MID,45,0.7,a,,0,0,0,0,0,0.0,0.0,0.0,0.0
624,Jarrod,Bowen,Bowen,West Ham,FWD,80,20.3,a,,193,2974,13,11,8,737.8,903.0,1081.0,271.9
625,Niclas,Füllkrug,Füllkrug,West Ham,FWD,60,2.1,a,,42,783,3,2,2,173.3,187.2,221.0,56.8
626,Callum,Marshall,Marshall,West Ham,FWD,45,0.8,a,,0,0,0,0,0,0.0,0.0,0.0,0.0
659,Kyle,Walker-Peters,Walker-Peters,West Ham,DEF,45,0.5,a,,0,0,0,0,0,0.0,0.0,0.0,0.0
671,Callum,Wilson,Wilson,West Ham,FWD,60,0.3,a,,0,0,0,0,0,0.0,0.0,0.0,0.0
627,Sam,Johnstone,Johnstone,Wolves,GKP,45,0.2,a,,12,630,0,0,0,10.0,193.8,0.0,20.4
628,José,Malheiro de Sá,José Sá,Wolves,GKP,45,2.4,a,,93,2610,0,0,7,30.0,603.4,0.0,63.4
629,Daniel,Bentley,Bentley,Wolves,GKP,40,1.1,a,,9,180,0,0,1,0.0,60.0,0.0,6.0
630,Tom,King,King,Wolves,GKP,40,2.6,a,,1,1,0,0,0,0.0,0.0,0.0,0.0
631,Emmanuel,Agbadou,Agbadou,Wolves,DEF,45,0.3,a,,45,1410,1,0,4,57.3,395.2,67.0,52.0
632,Matt,Doherty,Doherty,Wolves,DEF,45,0.2,a,,75,2105,2,1,6,179.9,502.2,135.0,81.8
633,Hugo,Bueno López,H.Bueno,Wolves,DEF,45,0.1,a,,0,0,0,0,0,0.0,0.0,0.0,0.0
634,Yerson,Mosquera Valdelamar,Mosquera,Wolves,DEF,45,0.1,a,,3,441,0,0,0,27.3,110.2,21.0,16.0
635,Rodrigo,Martins Gomes,R.Gomes,Wolves,DEF,45,0.1,a,,42,794,2,0,1,180.2,186.6,113.0,47.6
636,Santiago,Ignacio Bueno,S.Bueno,Wolves,DEF,45,0.1,a,,52,1678,0,0,5,15.8,345.4,80.0,44.2
637,Toti,Gomes,Toti,Wolves,DEF,45,0.2,a,,79,2613,0,1,8,144.2,617.2,102.0,86.5
638,Ki-Jana,Hoever,Hoever,Wolves,DEF,40,2.7,a,,0,0,0,0,0,0.0,0.0,0.0,0.0
639,Bastien,Meupiyou Menadjou,Meupiyou,Wolves,DEF,40,0.1,u,0.0,0,0,0,0,0,0.0,0.0,0.0,0.0
640,Pedro,Cardoso de Lima,Pedro Lima,Wolves,DEF,40,1.4,a,,2,69,0,0,0,34.8,23.4,11.0,6.9
641,Alfie,Pond,Pond,Wolves,DEF,40,2.1,a,,1,1,0,0,0,0.0,0.0,0.0,0.0
642,Hwang,Hee-chan,Hee Chan,Wolves,MID,60,0.2,a,,37,646,2,1,0,72.7,111.6,84.0,26.7
643,André,Trindade da Costa Neto,André,Wolves,MID,55,0.1,a,,61,2472,0,0,7,285.5,383.2,30.0,69.7
644,Jean-Ricner,Bellegarde,Bellegarde,Wolves,MID,55,0.1,a,,90,1666,2,7,6,422.8,355.6,200.0,97.2
645,Fer,López González,Fer López,Wolves,MID,55,0.1,a,,0,0,0,0,0,0.0,0.0,0.0,0.0
646,João Victor,Gomes da Silva,Gomes,Wolves,MID,55,0.1,a,,87,2975,3,1,6,428.9,513.4,231.0,117.3
647,Gonçalo Manuel,Ganchinho Guedes,Guedes,Wolves,MID,55,0.1,a,,62,979,2,4,3,213.9,215.8,217.0,64.0
648,Marshall,Munetsi,Munetsi,Wolves,MID,55,0.1,a,,50,1077,2,2,5,132.9,176.8,212.0,52.3
649,Boubacar,Traoré,B.Traore,Wolves,MID,50,0.0,u,0.0,1,1,0,0,0,0.0,4.0,0.0,0.4
650,Tawanda,Chirewa,Chirewa,Wolves,MID,45,0.3,a,,0,0,0,0,0,0.0,0.0,0.0,0.0
651,Tom,Edozie,Edozie,Wolves,MID,45,0.4,a,,0,0,0,0,0,0.0,0.0,0.0,0.0
652,Enso,González Medina,Gonzalez,Wolves,MID,45,1.4,a,,0,0,0,0,0,0.0,0.0,0.0,0.0
653,Joe,Hodge,Hodge,Wolves,MID,45,0.3,u,0.0,0,0,0,0,0,0.0,0.0,0.0,0.0
654,Jørgen,Strand Larsen,Strand Larsen,Wolves,FWD,65,5.9,a,,145,2587,14,4,7,303.4,646.8,848.0,179.5
655,Fábio,Soares Silva,Fábio Silva,Wolves,FWD,50,0.6,a,,0,0,0,0,0,0.0,0.0,0.0,0.0
656,Saša,Kalajdžić,Kalajdžić,Wolves,FWD,50,0.2,a,,0,0,0,0,0,0.0,0.0,0.0,0.0
657,Leon,Chiwome,Chiwome,Wolves,FWD,45,0.1,i,0.0,0,0,0,0,0,0.0,0.0,0.0,0.0
658,Nathan,Fraser,Fraser,Wolves,FWD,45,2.6,a,,0,0,0,0,0,0.0,0.0,0.0,0.0
663,Jhon,Arias,J.Arias,Wolves,MID,55,1.2,a,,0,0,0,0,0,0.0,0.0,0.0,0.0
